window_start,lower,upper,width,feasible_start_count,refinement_trigger_Ida,refinement_trigger_0_25,refinement_status,root_certificate
2021-08-29,0.25073448467090204,0.25073449467090003,9.999997996334997e-09,112,True,False,PRESERVED_INTERVAL_NO_CARTESIAN_ENUMERATION,"{""LP"": 0.25073449467103376, ""Q_dimension"": 7, ""raw"": 0.25073449467103376, ""spectral"": 0.08406384008031928, ""support_only"": 0.0}"
2020-01-12,0.06206394173832167,0.062063951738321514,9.999999842080776e-09,113,False,False,PRESERVED_INTERVAL_NO_CARTESIAN_ENUMERATION,"{""LP"": 0.062063951738321674, ""Q_dimension"": 7, ""raw"": 0.062063951738321674, ""spectral"": 0.022812123869419474, ""support_only"": 0.0}"
2020-01-26,0.028240482559302914,0.028240492559302808,9.99999989412248e-09,113,False,False,PRESERVED_INTERVAL_NO_CARTESIAN_ENUMERATION,"{""LP"": 0.028240492559302915, ""Q_dimension"": 7, ""raw"": 0.028240492559302915, ""spectral"": 0.008189381296297319, ""support_only"": 0.0}"
2020-02-02,0.06947369089006371,0.06947370089006363,9.999999925347502e-09,113,False,False,PRESERVED_INTERVAL_NO_CARTESIAN_ENUMERATION,"{""LP"": 0.0694737008900637, ""Q_dimension"": 7, ""raw"": 0.0694737008900637, ""spectral"": 0.02421710850034438, ""support_only"": 0.0}"
2020-02-09,0.04855646824972918,0.04855647824972903,9.99999984901967e-09,113,False,False,PRESERVED_INTERVAL_NO_CARTESIAN_ENUMERATION,"{""LP"": 0.04855647824972918, ""Q_dimension"": 7, ""raw"": 0.04855647824972918, ""spectral"": 0.016643118008165633, ""support_only"": 0.0}"
2020-02-16,0.06472973339996528,0.06472974339996501,9.999999731058473e-09,113,False,False,PRESERVED_INTERVAL_NO_CARTESIAN_ENUMERATION,"{""LP"": 0.06472974339996528, ""Q_dimension"": 7, ""raw"": 0.06472974339996528, ""spectral"": 0.0262403644909955, ""support_only"": 0.0}"
2020-03-01,0.02137890906357895,0.05078929099041424,0.02941038192683529,113,False,False,PRESERVED_INTERVAL_NO_CARTESIAN_ENUMERATION,"{""LP"": 0.02137891906357895, ""Q_dimension"": 7, ""raw"": 0.02137891906357895, ""spectral"": 0.0077779845590446655, ""support_only"": 0.0}"
2020-03-08,0.04062749243237936,0.04062750243237933,9.999999966980866e-09,113,False,False,PRESERVED_INTERVAL_NO_CARTESIAN_ENUMERATION,"{""LP"": 0.040627502432379364, ""Q_dimension"": 7, ""raw"": 0.040627502432379364, ""spectral"": 0.012485900836764065, ""support_only"": 0.0}"
2020-03-15,0.04287606743820533,0.04287607743820529,9.999999960041972e-09,113,False,False,PRESERVED_INTERVAL_NO_CARTESIAN_ENUMERATION,"{""LP"": 0.04287607743820533, ""Q_dimension"": 7, ""raw"": 0.04287607743820533, ""spectral"": 0.01420246847803767, ""support_only"": 0.0}"
2020-03-22,0.04024636304147452,0.04024637304147416,9.999999640852852e-09,113,False,False,PRESERVED_INTERVAL_NO_CARTESIAN_ENUMERATION,"{""LP"": 0.04024637304147452, ""Q_dimension"": 7, ""raw"": 0.04024637304147452, ""spectral"": 0.012821108315482834, ""support_only"": 0.0}"
2020-03-29,0.021599980791116413,0.021599990791116457,1.0000000043308699e-08,113,False,False,PRESERVED_INTERVAL_NO_CARTESIAN_ENUMERATION,"{""LP"": 0.021599990791116415, ""Q_dimension"": 7, ""raw"": 0.021599990791116415, ""spectral"": 0.006086010269442739, ""support_only"": 0.0}"
2020-04-05,0.02925122490647694,0.029620362886119148,0.0003691379796422062,113,False,False,PRESERVED_INTERVAL_NO_CARTESIAN_ENUMERATION,"{""LP"": 0.029251234906476943, ""Q_dimension"": 7, ""raw"": 0.029251234906476943, ""spectral"": 0.009184647559273902, ""support_only"": 0.0}"
2020-04-19,0.04501379988788824,0.04501380988788836,1.0000000119636532e-08,113,False,False,PRESERVED_INTERVAL_NO_CARTESIAN_ENUMERATION,"{""LP"": 0.045013809887888244, ""Q_dimension"": 7, ""raw"": 0.045013809887888244, ""spectral"": 0.01649811901086059, ""support_only"": 0.0}"
2020-04-26,0.05224754099300182,0.05224755099300187,1.0000000050247593e-08,113,False,False,PRESERVED_INTERVAL_NO_CARTESIAN_ENUMERATION,"{""LP"": 0.05224755099300182, ""Q_dimension"": 7, ""raw"": 0.05224755099300182, ""spectral"": 0.017256115432589928, ""support_only"": 0.0}"
2020-05-03,0.03332583755128766,0.033325847551287646,9.999999987797548e-09,113,False,False,PRESERVED_INTERVAL_NO_CARTESIAN_ENUMERATION,"{""LP"": 0.03332584755128766, ""Q_dimension"": 7, ""raw"": 0.03332584755128766, ""spectral"": 0.0116684286855081, ""support_only"": 0.0}"
2020-05-10,0.031247498108721572,0.06250842040889144,0.03126092230016987,113,False,False,PRESERVED_INTERVAL_NO_CARTESIAN_ENUMERATION,"{""LP"": 0.031247508108721574, ""Q_dimension"": 7, ""raw"": 0.031247508108721574, ""spectral"": 0.010303940066142703, ""support_only"": 0.0}"
2020-05-17,0.03598260068008132,0.03598261068008136,1.0000000036369805e-08,113,False,False,PRESERVED_INTERVAL_NO_CARTESIAN_ENUMERATION,"{""LP"": 0.03598261068008132, ""Q_dimension"": 7, ""raw"": 0.03598261068008132, ""spectral"": 0.010070239139058442, ""support_only"": 0.0}"
2020-05-31,0.07250954505433808,0.07250955505433801,9.999999925347502e-09,113,False,False,PRESERVED_INTERVAL_NO_CARTESIAN_ENUMERATION,"{""LP"": 0.07250955505433808, ""Q_dimension"": 7, ""raw"": 0.07250955505433808, ""spectral"": 0.02632158351753655, ""support_only"": 0.0}"
2020-06-07,0.07263711011524579,0.07263712011524551,9.999999717180685e-09,113,False,False,PRESERVED_INTERVAL_NO_CARTESIAN_ENUMERATION,"{""LP"": 0.07263712011524578, ""Q_dimension"": 7, ""raw"": 0.07263712011524578, ""spectral"": 0.027408180262461102, ""support_only"": 0.0}"
2020-06-14,0.09093290334060797,0.09093291334060814,1.0000000175147683e-08,113,False,False,PRESERVED_INTERVAL_NO_CARTESIAN_ENUMERATION,"{""LP"": 0.09093291334060796, ""Q_dimension"": 7, ""raw"": 0.09093291334060796, ""spectral"": 0.030602693233563613, ""support_only"": 0.0}"
2020-06-21,0.04476046089905428,0.04733746564595105,0.0025770047468967744,113,False,False,PRESERVED_INTERVAL_NO_CARTESIAN_ENUMERATION,"{""LP"": 0.04476047089905428, ""Q_dimension"": 7, ""raw"": 0.04476047089905428, ""spectral"": 0.017714003208295956, ""support_only"": 0.0}"
2020-06-28,0.060205936008229766,0.06020594600822965,9.999999883714139e-09,113,False,False,PRESERVED_INTERVAL_NO_CARTESIAN_ENUMERATION,"{""LP"": 0.06020594600822977, ""Q_dimension"": 7, ""raw"": 0.06020594600822977, ""spectral"": 0.022036508533777605, ""support_only"": 0.0}"
2020-07-05,0.025782856006505418,0.07923109559269792,0.053448239586192506,113,False,False,PRESERVED_INTERVAL_NO_CARTESIAN_ENUMERATION,"{""LP"": 0.02578286600650542, ""Q_dimension"": 7, ""raw"": 0.02578286600650542, ""spectral"": 0.007636533977356577, ""support_only"": 0.0}"
2020-07-12,0.023906589044838132,0.06158823598604107,0.03768164694120294,113,False,False,PRESERVED_INTERVAL_NO_CARTESIAN_ENUMERATION,"{""LP"": 0.023906599044838134, ""Q_dimension"": 7, ""raw"": 0.023906599044838134, ""spectral"": 0.008794029635172358, ""support_only"": 0.0}"
2020-07-19,0.06157055890993774,0.061570568909937715,9.99999997391976e-09,113,False,False,PRESERVED_INTERVAL_NO_CARTESIAN_ENUMERATION,"{""LP"": 0.06157056890993774, ""Q_dimension"": 7, ""raw"": 0.06157056890993774, ""spectral"": 0.019462605497892596, ""support_only"": 0.0}"
2020-07-26,0.03730328223864469,0.04193675282855955,0.004633470589914861,113,False,False,PRESERVED_INTERVAL_NO_CARTESIAN_ENUMERATION,"{""LP"": 0.03730329223864469, ""Q_dimension"": 7, ""raw"": 0.03730329223864469, ""spectral"": 0.01028807213269997, ""support_only"": 0.0}"
2020-08-02,0.05005981483511872,0.05005982483511862,9.99999990453082e-09,113,False,False,PRESERVED_INTERVAL_NO_CARTESIAN_ENUMERATION,"{""LP"": 0.05005982483511872, ""Q_dimension"": 7, ""raw"": 0.05005982483511872, ""spectral"": 0.01631926045451071, ""support_only"": 0.0}"
2020-08-09,0.0951084674425652,0.09510847744256512,9.999999925347502e-09,113,False,False,PRESERVED_INTERVAL_NO_CARTESIAN_ENUMERATION,"{""LP"": 0.09510847744256519, ""Q_dimension"": 7, ""raw"": 0.09510847744256519, ""spectral"": 0.029384075275738917, ""support_only"": 0.0}"
2020-08-16,0.027431028526321944,0.029193344726079998,0.0017623161997580537,113,False,False,PRESERVED_INTERVAL_NO_CARTESIAN_ENUMERATION,"{""LP"": 0.027431038526321946, ""Q_dimension"": 7, ""raw"": 0.027431038526321946, ""spectral"": 0.00817753094269066, ""support_only"": 0.0}"
2020-08-30,0.05233549996401952,0.05243428099238641,9.878102836689134e-05,113,False,False,PRESERVED_INTERVAL_NO_CARTESIAN_ENUMERATION,"{""LP"": 0.05233550996401952, ""Q_dimension"": 7, ""raw"": 0.05233550996401952, ""spectral"": 0.018599355234058996, ""support_only"": 0.0}"
2020-09-13,0.062459369579835916,0.062459379579836063,1.0000000147392107e-08,113,False,False,PRESERVED_INTERVAL_NO_CARTESIAN_ENUMERATION,"{""LP"": 0.06245937957983592, ""Q_dimension"": 7, ""raw"": 0.06245937957983592, ""spectral"": 0.02000651021459178, ""support_only"": 0.0}"
2020-09-20,0.06489489719051635,0.06489490719051633,9.999999980858654e-09,113,False,False,PRESERVED_INTERVAL_NO_CARTESIAN_ENUMERATION,"{""LP"": 0.06489490719051634, ""Q_dimension"": 7, ""raw"": 0.06489490719051634, ""spectral"": 0.022533743003612716, ""support_only"": 0.0}"
2020-09-27,0.04971566131604132,0.049715671316041356,1.0000000036369805e-08,113,False,False,PRESERVED_INTERVAL_NO_CARTESIAN_ENUMERATION,"{""LP"": 0.04971567131604132, ""Q_dimension"": 7, ""raw"": 0.04971567131604132, ""spectral"": 0.01762262296900198, ""support_only"": 0.0}"
2020-10-04,0.04200795969197283,0.04200796969197274,9.999999911469715e-09,113,False,False,PRESERVED_INTERVAL_NO_CARTESIAN_ENUMERATION,"{""LP"": 0.04200796969197283, ""Q_dimension"": 7, ""raw"": 0.04200796969197283, ""spectral"": 0.014764040315340428, ""support_only"": 0.0}"
2020-10-11,0.03755967142221198,0.037559681422211944,9.999999960041972e-09,113,False,False,PRESERVED_INTERVAL_NO_CARTESIAN_ENUMERATION,"{""LP"": 0.037559681422211985, ""Q_dimension"": 7, ""raw"": 0.037559681422211985, ""spectral"": 0.009841185391092772, ""support_only"": 0.0}"
2020-10-18,0.05588884663610432,0.05588885663610426,9.99999993922529e-09,113,False,False,PRESERVED_INTERVAL_NO_CARTESIAN_ENUMERATION,"{""LP"": 0.05588885663610432, ""Q_dimension"": 7, ""raw"": 0.05588885663610432, ""spectral"": 0.018101355619517822, ""support_only"": 0.0}"
2020-11-01,0.08575057759448693,0.08575058759448703,1.0000000105758744e-08,113,False,False,PRESERVED_INTERVAL_NO_CARTESIAN_ENUMERATION,"{""LP"": 0.08575058759448692, ""Q_dimension"": 7, ""raw"": 0.08575058759448692, ""spectral"": 0.028294214709548876, ""support_only"": 0.0}"
2020-11-08,0.021837304294556763,0.022893564213453295,0.0010562599188965321,113,False,False,PRESERVED_INTERVAL_NO_CARTESIAN_ENUMERATION,"{""LP"": 0.021837314294556764, ""Q_dimension"": 7, ""raw"": 0.021837314294556764, ""spectral"": 0.008326337529601635, ""support_only"": 0.0}"
2020-11-15,0.04361335479041498,0.04361336479041494,9.999999960041972e-09,113,False,False,PRESERVED_INTERVAL_NO_CARTESIAN_ENUMERATION,"{""LP"": 0.04361336479041498, ""Q_dimension"": 7, ""raw"": 0.04361336479041498, ""spectral"": 0.01204888143603235, ""support_only"": 0.0}"
2020-11-29,0.06094555552009382,0.06094556552009361,9.999999786569624e-09,113,False,False,PRESERVED_INTERVAL_NO_CARTESIAN_ENUMERATION,"{""LP"": 0.06094556552009382, ""Q_dimension"": 7, ""raw"": 0.06094556552009382, ""spectral"": 0.020583972950920956, ""support_only"": 0.0}"
2020-12-06,0.06172729481617192,0.061727304816171766,9.99999984901967e-09,113,False,False,PRESERVED_INTERVAL_NO_CARTESIAN_ENUMERATION,"{""LP"": 0.06172730481617192, ""Q_dimension"": 7, ""raw"": 0.06172730481617192, ""spectral"": 0.021530640007240448, ""support_only"": 0.0}"
2020-12-13,0.03678129964225379,0.03678130964225376,9.99999997391976e-09,113,False,False,PRESERVED_INTERVAL_NO_CARTESIAN_ENUMERATION,"{""LP"": 0.03678130964225379, ""Q_dimension"": 7, ""raw"": 0.03678130964225379, ""spectral"": 0.011102051905280958, ""support_only"": 0.0}"
2021-01-03,0.052314193701774404,0.08650103894778999,0.03418684524601558,113,False,False,PRESERVED_INTERVAL_NO_CARTESIAN_ENUMERATION,"{""LP"": 0.052314203701774406, ""Q_dimension"": 7, ""raw"": 0.052314203701774406, ""spectral"": 0.01839224499417805, ""support_only"": 0.0}"
2021-01-10,0.020107581121749908,0.061843015525597435,0.04173543440384753,113,False,False,PRESERVED_INTERVAL_NO_CARTESIAN_ENUMERATION,"{""LP"": 0.02010759112174991, ""Q_dimension"": 7, ""raw"": 0.02010759112174991, ""spectral"": 0.007044803161842127, ""support_only"": 0.0}"
2021-01-24,0.07072839384466545,0.07072840384466551,1.000000006412538e-08,113,False,False,PRESERVED_INTERVAL_NO_CARTESIAN_ENUMERATION,"{""LP"": 0.07072840384466544, ""Q_dimension"": 7, ""raw"": 0.07072840384466544, ""spectral"": 0.027483065611952656, ""support_only"": 0.0}"
2021-01-31,0.12140198907358085,0.12140199907358126,1.0000000411070076e-08,113,False,False,PRESERVED_INTERVAL_NO_CARTESIAN_ENUMERATION,"{""LP"": 0.12140199907358085, ""Q_dimension"": 7, ""raw"": 0.12140199907358085, ""spectral"": 0.038950840187484174, ""support_only"": 0.0}"
2021-02-07,0.0584077025856543,0.058407712585654276,9.99999997391976e-09,113,False,False,PRESERVED_INTERVAL_NO_CARTESIAN_ENUMERATION,"{""LP"": 0.0584077125856543, ""Q_dimension"": 7, ""raw"": 0.0584077125856543, ""spectral"": 0.019000172380225784, ""support_only"": 0.0}"
2021-02-21,0.05844363099339129,0.05844364099339121,9.999999918408609e-09,113,False,False,PRESERVED_INTERVAL_NO_CARTESIAN_ENUMERATION,"{""LP"": 0.05844364099339129, ""Q_dimension"": 7, ""raw"": 0.05844364099339129, ""spectral"": 0.018162418863058916, ""support_only"": 0.0}"
2021-02-28,0.02922650233742667,0.029226512337426618,9.999999946164184e-09,113,False,False,PRESERVED_INTERVAL_NO_CARTESIAN_ENUMERATION,"{""LP"": 0.029226512337426673, ""Q_dimension"": 7, ""raw"": 0.029226512337426673, ""spectral"": 0.00939725227002634, ""support_only"": 0.0}"
2021-03-07,0.031817859636574505,0.0483617506733183,0.016543891036743794,113,False,False,PRESERVED_INTERVAL_NO_CARTESIAN_ENUMERATION,"{""LP"": 0.03181786963657451, ""Q_dimension"": 7, ""raw"": 0.03181786963657451, ""spectral"": 0.009959999263631373, ""support_only"": 0.0}"
2021-03-14,0.05882562249979658,0.05882563249979656,9.999999980858654e-09,113,False,False,PRESERVED_INTERVAL_NO_CARTESIAN_ENUMERATION,"{""LP"": 0.05882563249979658, ""Q_dimension"": 7, ""raw"": 0.05882563249979658, ""spectral"": 0.0198625649737998, ""support_only"": 0.0}"
2021-03-21,0.05546450154313417,0.05546451154313401,9.999999842080776e-09,113,False,False,PRESERVED_INTERVAL_NO_CARTESIAN_ENUMERATION,"{""LP"": 0.05546451154313417, ""Q_dimension"": 7, ""raw"": 0.05546451154313417, ""spectral"": 0.018421115851949308, ""support_only"": 0.0}"
2021-03-28,0.036532755354376896,0.03653276535437663,9.999999731058473e-09,113,False,False,PRESERVED_INTERVAL_NO_CARTESIAN_ENUMERATION,"{""LP"": 0.0365327653543769, ""Q_dimension"": 7, ""raw"": 0.0365327653543769, ""spectral"": 0.014769558509655837, ""support_only"": 0.0}"
2021-04-11,0.028108823291080047,0.028108833291079882,9.999999835141882e-09,113,False,False,PRESERVED_INTERVAL_NO_CARTESIAN_ENUMERATION,"{""LP"": 0.02810883329108005, ""Q_dimension"": 7, ""raw"": 0.02810883329108005, ""spectral"": 0.00888860457190582, ""support_only"": 0.0}"
2021-04-18,0.03135172445266755,0.035041481110419714,0.0036897566577521676,113,False,False,PRESERVED_INTERVAL_NO_CARTESIAN_ENUMERATION,"{""LP"": 0.03135173445266755, ""Q_dimension"": 7, ""raw"": 0.03135173445266755, ""spectral"": 0.010166428574958418, ""support_only"": 0.0}"
2021-04-25,0.031715506712142585,0.037923604986891075,0.00620809827474849,113,False,False,PRESERVED_INTERVAL_NO_CARTESIAN_ENUMERATION,"{""LP"": 0.03171551671214259, ""Q_dimension"": 7, ""raw"": 0.03171551671214259, ""spectral"": 0.010417136572141975, ""support_only"": 0.0}"
2021-05-02,0.04097418090878689,0.05007811842762418,0.009103937518837285,113,False,False,PRESERVED_INTERVAL_NO_CARTESIAN_ENUMERATION,"{""LP"": 0.040974190908786894, ""Q_dimension"": 7, ""raw"": 0.040974190908786894, ""spectral"": 0.01303135943510169, ""support_only"": 0.0}"
2021-05-09,0.033114870794925914,0.03311488079492592,1.000000000861423e-08,113,False,False,PRESERVED_INTERVAL_NO_CARTESIAN_ENUMERATION,"{""LP"": 0.033114880794925916, ""Q_dimension"": 7, ""raw"": 0.033114880794925916, ""spectral"": 0.012485958827326022, ""support_only"": 0.0}"
2021-05-16,0.028047221074182914,0.028260376008023225,0.00021315493384031076,113,False,False,PRESERVED_INTERVAL_NO_CARTESIAN_ENUMERATION,"{""LP"": 0.028047231074182916, ""Q_dimension"": 7, ""raw"": 0.028047231074182916, ""spectral"": 0.008464510346158114, ""support_only"": 0.0}"
2021-05-23,0.04980338166543106,0.04980339166543082,9.999999758814049e-09,113,False,False,PRESERVED_INTERVAL_NO_CARTESIAN_ENUMERATION,"{""LP"": 0.04980339166543106, ""Q_dimension"": 7, ""raw"": 0.04980339166543106, ""spectral"": 0.014855620244601625, ""support_only"": 0.0}"
2021-05-30,0.0593811261134427,0.05938113611344277,1.0000000071064274e-08,113,False,False,PRESERVED_INTERVAL_NO_CARTESIAN_ENUMERATION,"{""LP"": 0.0593811361134427, ""Q_dimension"": 7, ""raw"": 0.0593811361134427, ""spectral"": 0.01819936483115312, ""support_only"": 0.0}"
2021-06-06,0.04624319531630409,0.04624320531630393,9.999999842080776e-09,113,False,False,PRESERVED_INTERVAL_NO_CARTESIAN_ENUMERATION,"{""LP"": 0.04624320531630409, ""Q_dimension"": 7, ""raw"": 0.04624320531630409, ""spectral"": 0.01676787085802287, ""support_only"": 0.0}"
2021-06-13,0.030100710112439952,0.030100720112439767,9.9999998143252e-09,113,False,False,PRESERVED_INTERVAL_NO_CARTESIAN_ENUMERATION,"{""LP"": 0.030100720112439954, ""Q_dimension"": 7, ""raw"": 0.030100720112439954, ""spectral"": 0.009848165898315105, ""support_only"": 0.0}"
2021-06-20,0.05970198260442785,0.05970199260442763,9.99999977963073e-09,113,False,False,PRESERVED_INTERVAL_NO_CARTESIAN_ENUMERATION,"{""LP"": 0.05970199260442785, ""Q_dimension"": 7, ""raw"": 0.05970199260442785, ""spectral"": 0.021544170804881836, ""support_only"": 0.0}"
2021-06-27,0.05141649393493924,0.051416503934939246,1.000000000861423e-08,113,False,False,PRESERVED_INTERVAL_NO_CARTESIAN_ENUMERATION,"{""LP"": 0.05141650393493924, ""Q_dimension"": 7, ""raw"": 0.05141650393493924, ""spectral"": 0.01744744591856646, ""support_only"": 0.0}"
2021-07-11,0.07146683697616392,0.07146684697616316,9.9999992453359e-09,113,False,False,PRESERVED_INTERVAL_NO_CARTESIAN_ENUMERATION,"{""LP"": 0.07146684697616391, ""Q_dimension"": 7, ""raw"": 0.07146684697616391, ""spectral"": 0.023233809920287604, ""support_only"": 0.0}"
2021-07-18,0.0625670689733238,0.06256707897332375,9.999999953103078e-09,113,False,False,PRESERVED_INTERVAL_NO_CARTESIAN_ENUMERATION,"{""LP"": 0.0625670789733238, ""Q_dimension"": 7, ""raw"": 0.0625670789733238, ""spectral"": 0.020013182824296535, ""support_only"": 0.0}"
2021-07-25,0.06132888021810761,0.061328890218107154,9.999999543708338e-09,113,False,False,PRESERVED_INTERVAL_NO_CARTESIAN_ENUMERATION,"{""LP"": 0.06132889021810761, ""Q_dimension"": 7, ""raw"": 0.06132889021810761, ""spectral"": 0.022871797341320884, ""support_only"": 0.0}"
2021-08-01,0.04807731191243296,0.08008104256284773,0.03200373065041477,113,False,False,PRESERVED_INTERVAL_NO_CARTESIAN_ENUMERATION,"{""LP"": 0.04807732191243296, ""Q_dimension"": 7, ""raw"": 0.04807732191243296, ""spectral"": 0.015302240400733639, ""support_only"": 0.0}"
2021-08-08,0.023856984470572076,0.06361353548615443,0.039756551015582356,113,False,False,PRESERVED_INTERVAL_NO_CARTESIAN_ENUMERATION,"{""LP"": 0.023856994470572077, ""Q_dimension"": 7, ""raw"": 0.023856994470572077, ""spectral"": 0.008015716156247176, ""support_only"": 0.0}"
2021-08-15,0.04410000820017836,0.0441000182001783,9.99999993922529e-09,113,False,False,PRESERVED_INTERVAL_NO_CARTESIAN_ENUMERATION,"{""LP"": 0.044100018200178365, ""Q_dimension"": 7, ""raw"": 0.044100018200178365, ""spectral"": 0.016215362974736115, ""support_only"": 0.0}"
2021-08-22,0.06666005731366226,0.06666006731366211,9.999999855958563e-09,113,False,False,PRESERVED_INTERVAL_NO_CARTESIAN_ENUMERATION,"{""LP"": 0.06666006731366225, ""Q_dimension"": 7, ""raw"": 0.06666006731366225, ""spectral"": 0.026266669193538306, ""support_only"": 0.0}"
2021-09-12,0.04141078320611626,0.042482108397435055,0.0010713251913187921,113,False,False,PRESERVED_INTERVAL_NO_CARTESIAN_ENUMERATION,"{""LP"": 0.041410793206116264, ""Q_dimension"": 7, ""raw"": 0.041410793206116264, ""spectral"": 0.013109303265235564, ""support_only"": 0.0}"
2021-09-19,0.049421095354654734,0.04942110535465465,9.999999918408609e-09,113,False,False,PRESERVED_INTERVAL_NO_CARTESIAN_ENUMERATION,"{""LP"": 0.049421105354654736, ""Q_dimension"": 7, ""raw"": 0.049421105354654736, ""spectral"": 0.016962242991469152, ""support_only"": 0.0}"
2021-09-26,0.07327607604450115,0.07327608604450093,9.999999786569624e-09,113,False,False,PRESERVED_INTERVAL_NO_CARTESIAN_ENUMERATION,"{""LP"": 0.07327608604450114, ""Q_dimension"": 7, ""raw"": 0.07327608604450114, ""spectral"": 0.0218650431214422, ""support_only"": 0.0}"
2021-10-03,0.036832464791192225,0.04449079630088845,0.007658331509696227,113,False,False,PRESERVED_INTERVAL_NO_CARTESIAN_ENUMERATION,"{""LP"": 0.03683247479119223, ""Q_dimension"": 7, ""raw"": 0.03683247479119223, ""spectral"": 0.01359606806505681, ""support_only"": 0.0}"
2021-10-10,0.05390389559889993,0.0539039055988997,9.999999772691837e-09,113,False,False,PRESERVED_INTERVAL_NO_CARTESIAN_ENUMERATION,"{""LP"": 0.05390390559889993, ""Q_dimension"": 7, ""raw"": 0.05390390559889993, ""spectral"": 0.014697421898642723, ""support_only"": 0.0}"
2021-10-17,0.03869825437629865,0.042026840036497204,0.0033285856601985506,113,False,False,PRESERVED_INTERVAL_NO_CARTESIAN_ENUMERATION,"{""LP"": 0.038698264376298655, ""Q_dimension"": 7, ""raw"": 0.038698264376298655, ""spectral"": 0.016092471211804238, ""support_only"": 0.0}"
2021-10-24,0.044927926386287155,0.05393523097682105,0.009007304590533893,113,False,False,PRESERVED_INTERVAL_NO_CARTESIAN_ENUMERATION,"{""LP"": 0.04492793638628716, ""Q_dimension"": 7, ""raw"": 0.04492793638628716, ""spectral"": 0.012408872190906497, ""support_only"": 0.0}"
2021-10-31,0.04522401366894372,0.04522402366894368,9.999999960041972e-09,113,False,False,PRESERVED_INTERVAL_NO_CARTESIAN_ENUMERATION,"{""LP"": 0.04522402366894372, ""Q_dimension"": 7, ""raw"": 0.04522402366894372, ""spectral"": 0.01333782862116877, ""support_only"": 0.0}"
2021-11-07,0.043957418267478184,0.04395742826747814,9.999999953103078e-09,113,False,False,PRESERVED_INTERVAL_NO_CARTESIAN_ENUMERATION,"{""LP"": 0.043957428267478185, ""Q_dimension"": 7, ""raw"": 0.043957428267478185, ""spectral"": 0.01583115160267551, ""support_only"": 0.0}"
2021-11-14,0.03535302210938903,0.03535303210938863,9.999999599219489e-09,113,False,False,PRESERVED_INTERVAL_NO_CARTESIAN_ENUMERATION,"{""LP"": 0.03535303210938903, ""Q_dimension"": 7, ""raw"": 0.03535303210938903, ""spectral"": 0.011950354776048538, ""support_only"": 0.0}"
2021-11-28,0.07181596038133972,0.07181597038133965,9.999999925347502e-09,113,False,False,PRESERVED_INTERVAL_NO_CARTESIAN_ENUMERATION,"{""LP"": 0.07181597038133972, ""Q_dimension"": 7, ""raw"": 0.07181597038133972, ""spectral"": 0.02453355657130174, ""support_only"": 0.0}"
2021-12-05,0.053791055594547284,0.05379106559454733,1.0000000043308699e-08,113,False,False,PRESERVED_INTERVAL_NO_CARTESIAN_ENUMERATION,"{""LP"": 0.053791065594547285, ""Q_dimension"": 7, ""raw"": 0.053791065594547285, ""spectral"": 0.019392463441320718, ""support_only"": 0.0}"
2021-12-12,0.029040902275113353,0.056070956490434254,0.0270300542153209,113,False,False,PRESERVED_INTERVAL_NO_CARTESIAN_ENUMERATION,"{""LP"": 0.029040912275113354, ""Q_dimension"": 7, ""raw"": 0.029040912275113354, ""spectral"": 0.012705581322216952, ""support_only"": 0.0}"
2021-12-19,0.07961390468682349,0.07961391468682326,9.999999772691837e-09,113,False,False,PRESERVED_INTERVAL_NO_CARTESIAN_ENUMERATION,"{""LP"": 0.07961391468682348, ""Q_dimension"": 7, ""raw"": 0.07961391468682348, ""spectral"": 0.03660553130987336, ""support_only"": 0.0}"
2021-12-26,0.07220259334331766,0.0722026033433177,1.0000000036369805e-08,113,False,False,PRESERVED_INTERVAL_NO_CARTESIAN_ENUMERATION,"{""LP"": 0.07220260334331766, ""Q_dimension"": 7, ""raw"": 0.07220260334331766, ""spectral"": 0.028677454758664764, ""support_only"": 0.0}"
2022-01-02,0.04524529627115822,0.0636097035941829,0.018364407323024683,113,False,False,PRESERVED_INTERVAL_NO_CARTESIAN_ENUMERATION,"{""LP"": 0.04524530627115822, ""Q_dimension"": 7, ""raw"": 0.04524530627115822, ""spectral"": 0.014822378593503856, ""support_only"": 0.0}"
2022-01-09,0.05541312153812397,0.055413131538124015,1.0000000043308699e-08,113,False,False,PRESERVED_INTERVAL_NO_CARTESIAN_ENUMERATION,"{""LP"": 0.05541313153812397, ""Q_dimension"": 7, ""raw"": 0.05541313153812397, ""spectral"": 0.016177624001405533, ""support_only"": 0.0}"
2022-01-23,0.05039858493256088,0.07326594345825116,0.02286735852569028,113,False,False,PRESERVED_INTERVAL_NO_CARTESIAN_ENUMERATION,"{""LP"": 0.05039859493256088, ""Q_dimension"": 7, ""raw"": 0.05039859493256088, ""spectral"": 0.01687572385898938, ""support_only"": 0.0}"
2022-01-30,0.058754187834205114,0.058754197834205005,9.999999890653033e-09,113,False,False,PRESERVED_INTERVAL_NO_CARTESIAN_ENUMERATION,"{""LP"": 0.058754197834205116, ""Q_dimension"": 7, ""raw"": 0.058754197834205116, ""spectral"": 0.018383780260694142, ""support_only"": 0.0}"
2022-02-06,0.058826808822433276,0.05882681882243304,9.999999765752943e-09,113,False,False,PRESERVED_INTERVAL_NO_CARTESIAN_ENUMERATION,"{""LP"": 0.05882681882243328, ""Q_dimension"": 7, ""raw"": 0.05882681882243328, ""spectral"": 0.02203737109585699, ""support_only"": 0.0}"
2022-02-13,0.04490553140663201,0.05910040320102154,0.014194871794389531,113,False,False,PRESERVED_INTERVAL_NO_CARTESIAN_ENUMERATION,"{""LP"": 0.04490554140663201, ""Q_dimension"": 7, ""raw"": 0.04490554140663201, ""spectral"": 0.018972706899337922, ""support_only"": 0.0}"
2022-02-20,0.066868282484709,0.06686829248470828,9.999999286969263e-09,113,False,False,PRESERVED_INTERVAL_NO_CARTESIAN_ENUMERATION,"{""LP"": 0.06686829248470899, ""Q_dimension"": 7, ""raw"": 0.06686829248470899, ""spectral"": 0.02146410726095756, ""support_only"": 0.0}"
2022-02-27,0.06583710117031807,0.06583711117031736,9.999999286969263e-09,113,False,False,PRESERVED_INTERVAL_NO_CARTESIAN_ENUMERATION,"{""LP"": 0.06583711117031807, ""Q_dimension"": 7, ""raw"": 0.06583711117031807, ""spectral"": 0.02092506493699437, ""support_only"": 0.0}"
2022-03-06,0.05271212564033816,0.059023789592503526,0.0063116639521653625,113,False,False,PRESERVED_INTERVAL_NO_CARTESIAN_ENUMERATION,"{""LP"": 0.052712135640338165, ""Q_dimension"": 7, ""raw"": 0.052712135640338165, ""spectral"": 0.01956599879979808, ""support_only"": 0.0}"
2022-03-13,0.042273126835444534,0.06907410678402412,0.026800979948579585,113,False,False,PRESERVED_INTERVAL_NO_CARTESIAN_ENUMERATION,"{""LP"": 0.042273136835444536, ""Q_dimension"": 7, ""raw"": 0.042273136835444536, ""spectral"": 0.012809434269239875, ""support_only"": 0.0}"
2022-03-20,0.05337374182181204,0.05337375182181189,9.999999855958563e-09,113,False,False,PRESERVED_INTERVAL_NO_CARTESIAN_ENUMERATION,"{""LP"": 0.05337375182181204, ""Q_dimension"": 7, ""raw"": 0.05337375182181204, ""spectral"": 0.020123299067988727, ""support_only"": 0.0}"
2022-03-27,0.05993027267463339,0.06109600141220458,0.0011657287375711894,113,False,False,PRESERVED_INTERVAL_NO_CARTESIAN_ENUMERATION,"{""LP"": 0.05993028267463339, ""Q_dimension"": 7, ""raw"": 0.05993028267463339, ""spectral"": 0.018191192647172963, ""support_only"": 0.0}"
2022-04-03,0.04073115126022219,0.0542288741408225,0.013497722880600312,113,False,False,PRESERVED_INTERVAL_NO_CARTESIAN_ENUMERATION,"{""LP"": 0.04073116126022219, ""Q_dimension"": 7, ""raw"": 0.04073116126022219, ""spectral"": 0.011311782715974694, ""support_only"": 0.0}"
2022-04-10,0.06614829447720777,0.06614830447720763,9.999999855958563e-09,113,False,False,PRESERVED_INTERVAL_NO_CARTESIAN_ENUMERATION,"{""LP"": 0.06614830447720776, ""Q_dimension"": 7, ""raw"": 0.06614830447720776, ""spectral"": 0.02112918914387526, ""support_only"": 0.0}"
2022-04-24,0.046412835417220306,0.04641284541722027,9.999999966980866e-09,113,False,False,PRESERVED_INTERVAL_NO_CARTESIAN_ENUMERATION,"{""LP"": 0.04641284541722031, ""Q_dimension"": 7, ""raw"": 0.04641284541722031, ""spectral"": 0.013280998882994855, ""support_only"": 0.0}"
2022-05-01,0.027685509737114245,0.04682627494370663,0.019140765206592383,113,False,False,PRESERVED_INTERVAL_NO_CARTESIAN_ENUMERATION,"{""LP"": 0.027685519737114247, ""Q_dimension"": 7, ""raw"": 0.027685519737114247, ""spectral"": 0.010570200068558628, ""support_only"": 0.0}"
2022-05-08,0.040767304038248846,0.040767314038248695,9.99999984901967e-09,113,False,False,PRESERVED_INTERVAL_NO_CARTESIAN_ENUMERATION,"{""LP"": 0.04076731403824885, ""Q_dimension"": 7, ""raw"": 0.04076731403824885, ""spectral"": 0.014047654865329776, ""support_only"": 0.0}"
2022-05-15,0.04467919669861089,0.08107920910423097,0.03640001240562008,113,False,False,PRESERVED_INTERVAL_NO_CARTESIAN_ENUMERATION,"{""LP"": 0.04467920669861089, ""Q_dimension"": 7, ""raw"": 0.04467920669861089, ""spectral"": 0.013446180079490931, ""support_only"": 0.0}"
2022-05-22,0.05482738267965361,0.09388618966799281,0.0390588069883392,113,False,False,PRESERVED_INTERVAL_NO_CARTESIAN_ENUMERATION,"{""LP"": 0.054827392679653614, ""Q_dimension"": 7, ""raw"": 0.054827392679653614, ""spectral"": 0.017059051280756788, ""support_only"": 0.0}"
2022-05-29,0.08064861935369469,0.08064862935369468,9.999999994736442e-09,113,False,False,PRESERVED_INTERVAL_NO_CARTESIAN_ENUMERATION,"{""LP"": 0.08064862935369468, ""Q_dimension"": 7, ""raw"": 0.08064862935369468, ""spectral"": 0.025377893745496784, ""support_only"": 0.0}"
2022-06-05,0.04624831926888077,0.04624832926887986,9.999999092680234e-09,113,False,False,PRESERVED_INTERVAL_NO_CARTESIAN_ENUMERATION,"{""LP"": 0.04624832926888077, ""Q_dimension"": 7, ""raw"": 0.04624832926888077, ""spectral"": 0.01706163165630163, ""support_only"": 0.0}"
2022-06-12,0.04244685069967757,0.054124788844261154,0.011677938144583587,113,False,False,PRESERVED_INTERVAL_NO_CARTESIAN_ENUMERATION,"{""LP"": 0.04244686069967757, ""Q_dimension"": 7, ""raw"": 0.04244686069967757, ""spectral"": 0.017426887180416493, ""support_only"": 0.0}"
2022-06-19,0.12957140805383133,0.12957141805383057,9.9999992453359e-09,113,False,False,PRESERVED_INTERVAL_NO_CARTESIAN_ENUMERATION,"{""LP"": 0.12957141805383132, ""Q_dimension"": 7, ""raw"": 0.12957141805383132, ""spectral"": 0.04814476588718553, ""support_only"": 0.0}"
2022-06-26,0.160619729000388,0.16061973900038762,9.999999606158383e-09,113,False,False,PRESERVED_INTERVAL_NO_CARTESIAN_ENUMERATION,"{""LP"": 0.160619739000388, ""Q_dimension"": 7, ""raw"": 0.160619739000388, ""spectral"": 0.05373396624787286, ""support_only"": 0.0}"
2022-07-10,0.11586819344736965,0.11586820344736984,1.0000000189025471e-08,113,False,False,PRESERVED_INTERVAL_NO_CARTESIAN_ENUMERATION,"{""LP"": 0.11586820344736964, ""Q_dimension"": 7, ""raw"": 0.11586820344736964, ""spectral"": 0.03609339319335038, ""support_only"": 0.0}"
2022-07-17,0.10940346286185174,0.1094034728618514,9.999999661669534e-09,113,False,False,PRESERVED_INTERVAL_NO_CARTESIAN_ENUMERATION,"{""LP"": 0.10940347286185173, ""Q_dimension"": 7, ""raw"": 0.10940347286185173, ""spectral"": 0.03351182724884209, ""support_only"": 0.0}"
2022-07-24,0.08124983542323994,0.08124984542323958,9.999999647791746e-09,113,False,False,PRESERVED_INTERVAL_NO_CARTESIAN_ENUMERATION,"{""LP"": 0.08124984542323993, ""Q_dimension"": 7, ""raw"": 0.08124984542323993, ""spectral"": 0.025962260663156145, ""support_only"": 0.0}"
2022-07-31,0.05717551095128451,0.08139887574381073,0.024223364792526222,113,False,False,PRESERVED_INTERVAL_NO_CARTESIAN_ENUMERATION,"{""LP"": 0.05717552095128451, ""Q_dimension"": 7, ""raw"": 0.05717552095128451, ""spectral"": 0.019128960008601054, ""support_only"": 0.0}"
2022-08-07,0.06564457043138067,0.06564458043138055,9.999999883714139e-09,113,False,False,PRESERVED_INTERVAL_NO_CARTESIAN_ENUMERATION,"{""LP"": 0.06564458043138066, ""Q_dimension"": 7, ""raw"": 0.06564458043138066, ""spectral"": 0.02000437734001381, ""support_only"": 0.0}"
2022-08-14,0.039950845181069464,0.08835875107773608,0.04840790589666662,113,False,False,PRESERVED_INTERVAL_NO_CARTESIAN_ENUMERATION,"{""LP"": 0.039950855181069465, ""Q_dimension"": 7, ""raw"": 0.039950855181069465, ""spectral"": 0.012589433811835088, ""support_only"": 0.0}"
2022-08-21,0.11733521699051458,0.11733522699051425,9.999999675547322e-09,113,False,False,PRESERVED_INTERVAL_NO_CARTESIAN_ENUMERATION,"{""LP"": 0.11733522699051457, ""Q_dimension"": 7, ""raw"": 0.11733522699051457, ""spectral"": 0.037108714337640694, ""support_only"": 0.0}"
2022-08-28,0.10034530442516373,0.10034531442516356,9.999999828202988e-09,113,False,False,PRESERVED_INTERVAL_NO_CARTESIAN_ENUMERATION,"{""LP"": 0.10034531442516373, ""Q_dimension"": 7, ""raw"": 0.10034531442516373, ""spectral"": 0.03187253763160474, ""support_only"": 0.0}"
2022-09-11,0.07874969872401341,0.07874970872401339,9.999999980858654e-09,113,False,False,PRESERVED_INTERVAL_NO_CARTESIAN_ENUMERATION,"{""LP"": 0.0787497087240134, ""Q_dimension"": 7, ""raw"": 0.0787497087240134, ""spectral"": 0.022103819366604806, ""support_only"": 0.0}"
2022-09-18,0.04602912906173035,0.0635483017909862,0.017519172729255843,113,False,False,PRESERVED_INTERVAL_NO_CARTESIAN_ENUMERATION,"{""LP"": 0.046029139061730354, ""Q_dimension"": 7, ""raw"": 0.046029139061730354, ""spectral"": 0.01562473615415683, ""support_only"": 0.0}"
2022-10-02,0.031093765893306355,0.048688303608700925,0.01759453771539457,113,False,False,PRESERVED_INTERVAL_NO_CARTESIAN_ENUMERATION,"{""LP"": 0.031093775893306357, ""Q_dimension"": 7, ""raw"": 0.031093775893306357, ""spectral"": 0.008840700540992223, ""support_only"": 0.0}"
2022-10-09,0.08501093394151907,0.085010943941519,9.999999925347502e-09,113,False,False,PRESERVED_INTERVAL_NO_CARTESIAN_ENUMERATION,"{""LP"": 0.08501094394151906, ""Q_dimension"": 7, ""raw"": 0.08501094394151906, ""spectral"": 0.026161629671036017, ""support_only"": 0.0}"
2022-10-16,0.06409665722166713,0.06409666722166724,1.0000000105758744e-08,113,False,False,PRESERVED_INTERVAL_NO_CARTESIAN_ENUMERATION,"{""LP"": 0.06409666722166713, ""Q_dimension"": 7, ""raw"": 0.06409666722166713, ""spectral"": 0.021217952950029484, ""support_only"": 0.0}"
2022-10-23,0.06281020018802981,0.06281021018802974,9.999999925347502e-09,113,False,False,PRESERVED_INTERVAL_NO_CARTESIAN_ENUMERATION,"{""LP"": 0.0628102101880298, ""Q_dimension"": 7, ""raw"": 0.0628102101880298, ""spectral"": 0.01935419686173993, ""support_only"": 0.0}"
2022-10-30,0.02613485714280434,0.03284295787763194,0.0067081007348276,113,False,False,PRESERVED_INTERVAL_NO_CARTESIAN_ENUMERATION,"{""LP"": 0.02613486714280434, ""Q_dimension"": 7, ""raw"": 0.02613486714280434, ""spectral"": 0.008109262151795122, ""support_only"": 0.0}"
2022-11-06,0.04042922425048844,0.044067027484365,0.003637803233876559,113,False,False,PRESERVED_INTERVAL_NO_CARTESIAN_ENUMERATION,"{""LP"": 0.040429234250488444, ""Q_dimension"": 7, ""raw"": 0.040429234250488444, ""spectral"": 0.012554331830971788, ""support_only"": 0.0}"
2022-11-13,0.057061756221673574,0.05706176622167275,9.999999175946961e-09,113,False,False,PRESERVED_INTERVAL_NO_CARTESIAN_ENUMERATION,"{""LP"": 0.057061766221673575, ""Q_dimension"": 7, ""raw"": 0.057061766221673575, ""spectral"": 0.019649197865339252, ""support_only"": 0.0}"
2022-11-27,0.08840894444878096,0.08840895444878097,1.000000000861423e-08,113,False,False,PRESERVED_INTERVAL_NO_CARTESIAN_ENUMERATION,"{""LP"": 0.08840895444878095, ""Q_dimension"": 7, ""raw"": 0.08840895444878095, ""spectral"": 0.025086370061637997, ""support_only"": 0.0}"
2022-12-04,0.07694135580855345,0.10202628581267517,0.025084930004121722,113,False,False,PRESERVED_INTERVAL_NO_CARTESIAN_ENUMERATION,"{""LP"": 0.07694136580855344, ""Q_dimension"": 7, ""raw"": 0.07694136580855344, ""spectral"": 0.021147051735504817, ""support_only"": 0.0}"
2022-12-11,0.039955353592533854,0.05255457173142009,0.012599218138886238,113,False,False,PRESERVED_INTERVAL_NO_CARTESIAN_ENUMERATION,"{""LP"": 0.039955363592533856, ""Q_dimension"": 7, ""raw"": 0.039955363592533856, ""spectral"": 0.015854032533481582, ""support_only"": 0.0}"
2022-12-18,0.07968127635112704,0.07968128635112708,1.0000000036369805e-08,113,False,False,PRESERVED_INTERVAL_NO_CARTESIAN_ENUMERATION,"{""LP"": 0.07968128635112703, ""Q_dimension"": 7, ""raw"": 0.07968128635112703, ""spectral"": 0.028318444151362296, ""support_only"": 0.0}"
2023-01-08,0.06959255197179487,0.06959256197179489,1.0000000022492017e-08,113,False,False,PRESERVED_INTERVAL_NO_CARTESIAN_ENUMERATION,"{""LP"": 0.06959256197179486, ""Q_dimension"": 7, ""raw"": 0.06959256197179486, ""spectral"": 0.027192035657116368, ""support_only"": 0.0}"
2023-01-22,0.028519023418387447,0.06412770534939488,0.035608681931007434,113,False,False,PRESERVED_INTERVAL_NO_CARTESIAN_ENUMERATION,"{""LP"": 0.02851903341838745, ""Q_dimension"": 7, ""raw"": 0.02851903341838745, ""spectral"": 0.010381315297335698, ""support_only"": 0.0}"
2023-01-29,0.04552872938592618,0.045528739385926026,9.99999984901967e-09,113,False,False,PRESERVED_INTERVAL_NO_CARTESIAN_ENUMERATION,"{""LP"": 0.04552873938592618, ""Q_dimension"": 7, ""raw"": 0.04552873938592618, ""spectral"": 0.01758469197957479, ""support_only"": 0.0}"
2023-02-05,0.04149633106662392,0.041496341066623726,9.999999807386306e-09,113,False,False,PRESERVED_INTERVAL_NO_CARTESIAN_ENUMERATION,"{""LP"": 0.04149634106662392, ""Q_dimension"": 7, ""raw"": 0.04149634106662392, ""spectral"": 0.013720572022883001, ""support_only"": 0.0}"
2023-02-12,0.054351825181001276,0.05435183518100093,9.99999965473064e-09,113,False,False,PRESERVED_INTERVAL_NO_CARTESIAN_ENUMERATION,"{""LP"": 0.05435183518100128, ""Q_dimension"": 7, ""raw"": 0.05435183518100128, ""spectral"": 0.018902123003830713, ""support_only"": 0.0}"
2023-02-26,0.056572952430308805,0.1019962004030292,0.0454232479727204,113,False,False,PRESERVED_INTERVAL_NO_CARTESIAN_ENUMERATION,"{""LP"": 0.05657296243030881, ""Q_dimension"": 7, ""raw"": 0.05657296243030881, ""spectral"": 0.01871954155841055, ""support_only"": 0.0}"
2023-03-05,0.03859085902214874,0.06408223186245615,0.025491372840307412,113,False,False,PRESERVED_INTERVAL_NO_CARTESIAN_ENUMERATION,"{""LP"": 0.03859086902214874, ""Q_dimension"": 7, ""raw"": 0.03859086902214874, ""spectral"": 0.015256431484324635, ""support_only"": 0.0}"
2023-03-12,0.03542942888486823,0.05090992724054918,0.015480498355680945,113,False,False,PRESERVED_INTERVAL_NO_CARTESIAN_ENUMERATION,"{""LP"": 0.035429438884868235, ""Q_dimension"": 7, ""raw"": 0.035429438884868235, ""spectral"": 0.011426893371357433, ""support_only"": 0.0}"
2023-03-19,0.09125276490965392,0.09125277490965383,9.999999911469715e-09,113,False,False,PRESERVED_INTERVAL_NO_CARTESIAN_ENUMERATION,"{""LP"": 0.09125277490965392, ""Q_dimension"": 7, ""raw"": 0.09125277490965392, ""spectral"": 0.027091918385044867, ""support_only"": 0.0}"
2023-03-26,0.03853501074813879,0.07934284709064567,0.04080783634250688,113,False,False,PRESERVED_INTERVAL_NO_CARTESIAN_ENUMERATION,"{""LP"": 0.03853502074813879, ""Q_dimension"": 7, ""raw"": 0.03853502074813879, ""spectral"": 0.01567794061294342, ""support_only"": 0.0}"
2023-04-02,0.06861627086196591,0.06861628086196551,9.999999606158383e-09,113,False,False,PRESERVED_INTERVAL_NO_CARTESIAN_ENUMERATION,"{""LP"": 0.0686162808619659, ""Q_dimension"": 7, ""raw"": 0.0686162808619659, ""spectral"": 0.021905582829053777, ""support_only"": 0.0}"
2023-04-16,0.04744694829833601,0.08431987810474671,0.0368729298064107,113,False,False,PRESERVED_INTERVAL_NO_CARTESIAN_ENUMERATION,"{""LP"": 0.04744695829833601, ""Q_dimension"": 7, ""raw"": 0.04744695829833601, ""spectral"": 0.01818229998054961, ""support_only"": 0.0}"
2023-04-23,0.03882969710478313,0.0463710168231682,0.007541319718385071,113,False,False,PRESERVED_INTERVAL_NO_CARTESIAN_ENUMERATION,"{""LP"": 0.03882970710478313, ""Q_dimension"": 7, ""raw"": 0.03882970710478313, ""spectral"": 0.012584628500463626, ""support_only"": 0.0}"
2023-04-30,0.04432247504053303,0.05053745541278713,0.0062149803722541044,113,False,False,PRESERVED_INTERVAL_NO_CARTESIAN_ENUMERATION,"{""LP"": 0.04432248504053303, ""Q_dimension"": 7, ""raw"": 0.04432248504053303, ""spectral"": 0.015620080706100084, ""support_only"": 0.0}"
2023-05-07,0.03985618353453558,0.05309032111046605,0.01323413757593047,113,False,False,PRESERVED_INTERVAL_NO_CARTESIAN_ENUMERATION,"{""LP"": 0.03985619353453558, ""Q_dimension"": 7, ""raw"": 0.03985619353453558, ""spectral"": 0.01373802698589634, ""support_only"": 0.0}"
2023-05-14,0.09705742771179207,0.09705743771179205,9.999999980858654e-09,113,False,False,PRESERVED_INTERVAL_NO_CARTESIAN_ENUMERATION,"{""LP"": 0.09705743771179207, ""Q_dimension"": 7, ""raw"": 0.09705743771179207, ""spectral"": 0.030124133966830422, ""support_only"": 0.0}"
2023-05-21,0.10832814525696481,0.10832815525696471,9.999999897591927e-09,113,False,False,PRESERVED_INTERVAL_NO_CARTESIAN_ENUMERATION,"{""LP"": 0.1083281552569648, ""Q_dimension"": 7, ""raw"": 0.1083281552569648, ""spectral"": 0.03304947595024447, ""support_only"": 0.0}"
2023-05-28,0.059672041770062134,0.059672051770061144,9.999999009413507e-09,113,False,False,PRESERVED_INTERVAL_NO_CARTESIAN_ENUMERATION,"{""LP"": 0.059672051770062136, ""Q_dimension"": 7, ""raw"": 0.059672051770062136, ""spectral"": 0.016896639767309825, ""support_only"": 0.0}"
2023-06-04,0.03531167347582186,0.06213036006814612,0.02681868659232426,113,False,False,PRESERVED_INTERVAL_NO_CARTESIAN_ENUMERATION,"{""LP"": 0.035311683475821865, ""Q_dimension"": 7, ""raw"": 0.035311683475821865, ""spectral"": 0.013452820909340722, ""support_only"": 0.0}"
2023-06-11,0.04986885801091335,0.06147428370218039,0.01160542569126704,113,False,False,PRESERVED_INTERVAL_NO_CARTESIAN_ENUMERATION,"{""LP"": 0.04986886801091335, ""Q_dimension"": 7, ""raw"": 0.04986886801091335, ""spectral"": 0.015818830210691075, ""support_only"": 0.0}"
2023-06-18,0.09233811681581729,0.09233812681581693,9.999999647791746e-09,113,False,False,PRESERVED_INTERVAL_NO_CARTESIAN_ENUMERATION,"{""LP"": 0.09233812681581728, ""Q_dimension"": 7, ""raw"": 0.09233812681581728, ""spectral"": 0.03280955406771488, ""support_only"": 0.0}"
2023-06-25,0.05474734152244781,0.05981625230671659,0.005068910784268778,113,False,False,PRESERVED_INTERVAL_NO_CARTESIAN_ENUMERATION,"{""LP"": 0.054747351522447814, ""Q_dimension"": 7, ""raw"": 0.054747351522447814, ""spectral"": 0.017950561647995, ""support_only"": 0.0}"
2023-07-09,0.06589975331074233,0.06589976331074157,9.9999992453359e-09,113,False,False,PRESERVED_INTERVAL_NO_CARTESIAN_ENUMERATION,"{""LP"": 0.06589976331074232, ""Q_dimension"": 7, ""raw"": 0.06589976331074232, ""spectral"": 0.02574693854648058, ""support_only"": 0.0}"
2023-07-16,0.05619800685921546,0.07617896492269768,0.019980958063482226,113,False,False,PRESERVED_INTERVAL_NO_CARTESIAN_ENUMERATION,"{""LP"": 0.05619801685921546, ""Q_dimension"": 7, ""raw"": 0.05619801685921546, ""spectral"": 0.02386145673623174, ""support_only"": 0.0}"
2023-07-23,0.07448785602155433,0.07448786602155397,9.999999633913959e-09,113,False,False,PRESERVED_INTERVAL_NO_CARTESIAN_ENUMERATION,"{""LP"": 0.07448786602155433, ""Q_dimension"": 7, ""raw"": 0.07448786602155433, ""spectral"": 0.02712169306753336, ""support_only"": 0.0}"
2023-07-30,0.0516511632528354,0.0635506928874276,0.011899529634592197,113,False,False,PRESERVED_INTERVAL_NO_CARTESIAN_ENUMERATION,"{""LP"": 0.0516511732528354, ""Q_dimension"": 7, ""raw"": 0.0516511732528354, ""spectral"": 0.015397915367845127, ""support_only"": 0.0}"
2023-08-06,0.060190596351809574,0.060190606351809076,9.999999502074974e-09,113,False,False,PRESERVED_INTERVAL_NO_CARTESIAN_ENUMERATION,"{""LP"": 0.060190606351809575, ""Q_dimension"": 7, ""raw"": 0.060190606351809575, ""spectral"": 0.017331897799148222, ""support_only"": 0.0}"
2023-08-13,0.0524355821355019,0.05786321317571318,0.005427631040211274,113,False,False,PRESERVED_INTERVAL_NO_CARTESIAN_ENUMERATION,"{""LP"": 0.052435592135501904, ""Q_dimension"": 7, ""raw"": 0.052435592135501904, ""spectral"": 0.016552140778317733, ""support_only"": 0.0}"
2023-08-20,0.04807574805990243,0.0687973595399144,0.02072161148001196,113,False,False,PRESERVED_INTERVAL_NO_CARTESIAN_ENUMERATION,"{""LP"": 0.04807575805990243, ""Q_dimension"": 7, ""raw"": 0.04807575805990243, ""spectral"": 0.020946686543668665, ""support_only"": 0.0}"
2023-08-27,0.0617755812633732,0.061775591263373224,1.0000000022492017e-08,113,False,False,PRESERVED_INTERVAL_NO_CARTESIAN_ENUMERATION,"{""LP"": 0.0617755912633732, ""Q_dimension"": 7, ""raw"": 0.0617755912633732, ""spectral"": 0.02134052471167478, ""support_only"": 0.0}"
2023-09-10,0.03965281521247079,0.06530803513616013,0.025655219923689333,113,False,False,PRESERVED_INTERVAL_NO_CARTESIAN_ENUMERATION,"{""LP"": 0.039652825212470794, ""Q_dimension"": 7, ""raw"": 0.039652825212470794, ""spectral"": 0.012667894775115094, ""support_only"": 0.0}"
2023-09-17,0.05289323359758968,0.06243816267964834,0.009544929082058666,113,False,False,PRESERVED_INTERVAL_NO_CARTESIAN_ENUMERATION,"{""LP"": 0.05289324359758968, ""Q_dimension"": 7, ""raw"": 0.05289324359758968, ""spectral"": 0.01667174714607244, ""support_only"": 0.0}"
2023-09-24,0.0822451538407146,0.09246202518188801,0.010216871341173411,113,False,False,PRESERVED_INTERVAL_NO_CARTESIAN_ENUMERATION,"{""LP"": 0.08224516384071459, ""Q_dimension"": 7, ""raw"": 0.08224516384071459, ""spectral"": 0.023921555570547, ""support_only"": 0.0}"
2023-10-01,0.09026337548109567,0.09042381091233798,0.0001604354312423062,113,False,False,PRESERVED_INTERVAL_NO_CARTESIAN_ENUMERATION,"{""LP"": 0.09026338548109566, ""Q_dimension"": 7, ""raw"": 0.09026338548109566, ""spectral"": 0.027678896194771773, ""support_only"": 0.0}"
2023-10-08,0.0401847950856076,0.04018480508560753,9.999999932286396e-09,113,False,False,PRESERVED_INTERVAL_NO_CARTESIAN_ENUMERATION,"{""LP"": 0.0401848050856076, ""Q_dimension"": 7, ""raw"": 0.0401848050856076, ""spectral"": 0.01421864034177643, ""support_only"": 0.0}"
2023-10-15,0.06415968390619749,0.06415969390619741,9.999999925347502e-09,113,False,False,PRESERVED_INTERVAL_NO_CARTESIAN_ENUMERATION,"{""LP"": 0.06415969390619748, ""Q_dimension"": 7, ""raw"": 0.06415969390619748, ""spectral"": 0.022558840002943992, ""support_only"": 0.0}"
2023-10-22,0.09679563029670954,0.09679564029670944,9.999999897591927e-09,113,False,False,PRESERVED_INTERVAL_NO_CARTESIAN_ENUMERATION,"{""LP"": 0.09679564029670953, ""Q_dimension"": 7, ""raw"": 0.09679564029670953, ""spectral"": 0.028317942424855306, ""support_only"": 0.0}"
2023-10-29,0.06283751249183564,0.0628375224918348,9.999999162069173e-09,113,False,False,PRESERVED_INTERVAL_NO_CARTESIAN_ENUMERATION,"{""LP"": 0.06283752249183563, ""Q_dimension"": 7, ""raw"": 0.06283752249183563, ""spectral"": 0.019557549145239304, ""support_only"": 0.0}"
2023-11-05,0.04055069178531027,0.040550701785310055,9.999999786569624e-09,113,False,False,PRESERVED_INTERVAL_NO_CARTESIAN_ENUMERATION,"{""LP"": 0.04055070178531027, ""Q_dimension"": 7, ""raw"": 0.04055070178531027, ""spectral"": 0.015622528161379037, ""support_only"": 0.0}"
2023-11-12,0.06650494460881932,0.06650495460881935,1.0000000022492017e-08,113,False,False,PRESERVED_INTERVAL_NO_CARTESIAN_ENUMERATION,"{""LP"": 0.06650495460881932, ""Q_dimension"": 7, ""raw"": 0.06650495460881932, ""spectral"": 0.023179848091977498, ""support_only"": 0.0}"
2023-11-26,0.12660942093880248,0.12660943093880275,1.0000000272292198e-08,113,False,False,PRESERVED_INTERVAL_NO_CARTESIAN_ENUMERATION,"{""LP"": 0.12660943093880248, ""Q_dimension"": 7, ""raw"": 0.12660943093880248, ""spectral"": 0.03960140273513835, ""support_only"": 0.0}"
2023-12-03,0.0758703603703709,0.07587037037037035,9.999999453502717e-09,113,False,False,PRESERVED_INTERVAL_NO_CARTESIAN_ENUMERATION,"{""LP"": 0.0758703703703709, ""Q_dimension"": 7, ""raw"": 0.0758703703703709, ""spectral"": 0.02977517284056049, ""support_only"": 0.0}"
2023-12-10,0.0726554345698416,0.09154370572324255,0.018888271153400957,113,False,False,PRESERVED_INTERVAL_NO_CARTESIAN_ENUMERATION,"{""LP"": 0.07265544456984159, ""Q_dimension"": 7, ""raw"": 0.07265544456984159, ""spectral"": 0.02138637205483856, ""support_only"": 0.0}"
2023-12-17,0.07742465130549195,0.0774246613054918,9.999999855958563e-09,113,False,False,PRESERVED_INTERVAL_NO_CARTESIAN_ENUMERATION,"{""LP"": 0.07742466130549194, ""Q_dimension"": 7, ""raw"": 0.07742466130549194, ""spectral"": 0.024528624727718926, ""support_only"": 0.0}"
2024-02-04,0.08241495918559139,0.08241496918559138,9.999999994736442e-09,113,False,False,PRESERVED_INTERVAL_NO_CARTESIAN_ENUMERATION,"{""LP"": 0.08241496918559138, ""Q_dimension"": 7, ""raw"": 0.08241496918559138, ""spectral"": 0.02917362846066395, ""support_only"": 0.0}"
2024-02-18,0.07667054324480829,0.07667055324480751,9.999999217580324e-09,113,False,False,PRESERVED_INTERVAL_NO_CARTESIAN_ENUMERATION,"{""LP"": 0.07667055324480829, ""Q_dimension"": 7, ""raw"": 0.07667055324480829, ""spectral"": 0.02581365178898726, ""support_only"": 0.0}"
2024-02-25,0.06250972248630163,0.06250973248630148,9.999999855958563e-09,113,False,False,PRESERVED_INTERVAL_NO_CARTESIAN_ENUMERATION,"{""LP"": 0.06250973248630162, ""Q_dimension"": 7, ""raw"": 0.06250973248630162, ""spectral"": 0.019740907141257143, ""support_only"": 0.0}"
2024-03-03,0.06369981277055067,0.06369982277055067,9.999999994736442e-09,113,False,False,PRESERVED_INTERVAL_NO_CARTESIAN_ENUMERATION,"{""LP"": 0.06369982277055067, ""Q_dimension"": 7, ""raw"": 0.06369982277055067, ""spectral"": 0.024641663949283875, ""support_only"": 0.0}"
2024-03-10,0.055820949441838796,0.055820959441838694,9.999999897591927e-09,113,False,False,PRESERVED_INTERVAL_NO_CARTESIAN_ENUMERATION,"{""LP"": 0.0558209594418388, ""Q_dimension"": 7, ""raw"": 0.0558209594418388, ""spectral"": 0.019820609329189404, ""support_only"": 0.0}"
2024-03-17,0.059187007719377384,0.06314623031903041,0.003959222599653027,113,False,False,PRESERVED_INTERVAL_NO_CARTESIAN_ENUMERATION,"{""LP"": 0.059187017719377386, ""Q_dimension"": 7, ""raw"": 0.059187017719377386, ""spectral"": 0.02580768672197389, ""support_only"": 0.0}"
2024-03-24,0.03939565832185809,0.060117464850145394,0.020721806528287305,113,False,False,PRESERVED_INTERVAL_NO_CARTESIAN_ENUMERATION,"{""LP"": 0.03939566832185809, ""Q_dimension"": 7, ""raw"": 0.03939566832185809, ""spectral"": 0.014523467346294342, ""support_only"": 0.0}"
2024-03-31,0.09358325730524938,0.09358326730524943,1.0000000050247593e-08,113,False,False,PRESERVED_INTERVAL_NO_CARTESIAN_ENUMERATION,"{""LP"": 0.09358326730524938, ""Q_dimension"": 7, ""raw"": 0.09358326730524938, ""spectral"": 0.028914393626648854, ""support_only"": 0.0}"
2024-04-07,0.07296205573955267,0.07296206573955273,1.000000006412538e-08,113,False,False,PRESERVED_INTERVAL_NO_CARTESIAN_ENUMERATION,"{""LP"": 0.07296206573955266, ""Q_dimension"": 7, ""raw"": 0.07296206573955266, ""spectral"": 0.02536101044142774, ""support_only"": 0.0}"
2024-04-14,0.047951148262851344,0.04874888749379143,0.0007977392309400852,113,False,False,PRESERVED_INTERVAL_NO_CARTESIAN_ENUMERATION,"{""LP"": 0.047951158262851346, ""Q_dimension"": 7, ""raw"": 0.047951158262851346, ""spectral"": 0.013616343840729487, ""support_only"": 0.0}"
2024-04-21,0.0755411777563102,0.07554118775631033,1.000000013351432e-08,113,False,False,PRESERVED_INTERVAL_NO_CARTESIAN_ENUMERATION,"{""LP"": 0.07554118775631019, ""Q_dimension"": 7, ""raw"": 0.07554118775631019, ""spectral"": 0.024467519451351977, ""support_only"": 0.0}"
2024-04-28,0.081074485671027,0.08107449567102709,1.0000000091880956e-08,113,False,False,PRESERVED_INTERVAL_NO_CARTESIAN_ENUMERATION,"{""LP"": 0.081074495671027, ""Q_dimension"": 7, ""raw"": 0.081074495671027, ""spectral"": 0.028171226229013274, ""support_only"": 0.0}"
2024-05-05,0.21251619085921317,0.21251620085921322,1.0000000050247593e-08,113,False,False,PRESERVED_INTERVAL_NO_CARTESIAN_ENUMERATION,"{""LP"": 0.21251620085921316, ""Q_dimension"": 7, ""raw"": 0.21251620085921316, ""spectral"": 0.0699850590003005, ""support_only"": 0.0}"
2024-05-12,0.20349313667127514,0.20349314667127477,9.999999633913959e-09,113,False,False,PRESERVED_INTERVAL_NO_CARTESIAN_ENUMERATION,"{""LP"": 0.20349314667127513, ""Q_dimension"": 7, ""raw"": 0.20349314667127513, ""spectral"": 0.06862478322487232, ""support_only"": 0.0}"
2024-05-19,0.03327118594660685,0.04517053492188795,0.011899348975281103,113,False,False,PRESERVED_INTERVAL_NO_CARTESIAN_ENUMERATION,"{""LP"": 0.03327119594660685, ""Q_dimension"": 7, ""raw"": 0.03327119594660685, ""spectral"": 0.011720562219537975, ""support_only"": 0.0}"
2024-06-02,0.054375796390770816,0.06479001886509901,0.010414222474328196,113,False,False,PRESERVED_INTERVAL_NO_CARTESIAN_ENUMERATION,"{""LP"": 0.05437580639077082, ""Q_dimension"": 7, ""raw"": 0.05437580639077082, ""spectral"": 0.017296327678506234, ""support_only"": 0.0}"
2024-06-09,0.07673801829949095,0.07673802829949083,9.999999883714139e-09,113,False,False,PRESERVED_INTERVAL_NO_CARTESIAN_ENUMERATION,"{""LP"": 0.07673802829949095, ""Q_dimension"": 7, ""raw"": 0.07673802829949095, ""spectral"": 0.030240378843777355, ""support_only"": 0.0}"
2024-06-16,0.06312133592050143,0.06312134592050123,9.999999800447412e-09,113,False,False,PRESERVED_INTERVAL_NO_CARTESIAN_ENUMERATION,"{""LP"": 0.06312134592050142, ""Q_dimension"": 7, ""raw"": 0.06312134592050142, ""spectral"": 0.02449273722531252, ""support_only"": 0.0}"
2024-06-23,0.04187818426368133,0.04187819426368124,9.99999990453082e-09,113,False,False,PRESERVED_INTERVAL_NO_CARTESIAN_ENUMERATION,"{""LP"": 0.041878194263681334, ""Q_dimension"": 7, ""raw"": 0.041878194263681334, ""spectral"": 0.012776112500083448, ""support_only"": 0.0}"
2024-06-30,0.09221097502352901,0.09221098502352908,1.000000006412538e-08,113,False,False,PRESERVED_INTERVAL_NO_CARTESIAN_ENUMERATION,"{""LP"": 0.09221098502352901, ""Q_dimension"": 7, ""raw"": 0.09221098502352901, ""spectral"": 0.026342951600865295, ""support_only"": 0.0}"
2024-07-07,0.0554133439073524,0.055413353907352414,1.0000000015553123e-08,113,False,False,PRESERVED_INTERVAL_NO_CARTESIAN_ENUMERATION,"{""LP"": 0.0554133539073524, ""Q_dimension"": 7, ""raw"": 0.0554133539073524, ""spectral"": 0.015033257340537263, ""support_only"": 0.0}"
2024-07-14,0.04808660670706472,0.059387745244726176,0.011301138537661452,113,False,False,PRESERVED_INTERVAL_NO_CARTESIAN_ENUMERATION,"{""LP"": 0.048086616707064725, ""Q_dimension"": 7, ""raw"": 0.048086616707064725, ""spectral"": 0.019850627753893253, ""support_only"": 0.0}"
2024-07-21,0.07232191845873065,0.07232192845873064,9.999999994736442e-09,113,False,False,PRESERVED_INTERVAL_NO_CARTESIAN_ENUMERATION,"{""LP"": 0.07232192845873064, ""Q_dimension"": 7, ""raw"": 0.07232192845873064, ""spectral"": 0.02358555162529773, ""support_only"": 0.0}"
2024-07-28,0.039991925889320816,0.03999193588932057,9.999999751875155e-09,113,False,False,PRESERVED_INTERVAL_NO_CARTESIAN_ENUMERATION,"{""LP"": 0.03999193588932082, ""Q_dimension"": 7, ""raw"": 0.03999193588932082, ""spectral"": 0.01471925861217279, ""support_only"": 0.0}"
2024-08-04,0.06852911379768517,0.06852912379768475,9.999999578402807e-09,113,False,False,PRESERVED_INTERVAL_NO_CARTESIAN_ENUMERATION,"{""LP"": 0.06852912379768517, ""Q_dimension"": 7, ""raw"": 0.06852912379768517, ""spectral"": 0.026856328422463802, ""support_only"": 0.0}"
2024-08-11,0.08718374045582322,0.08718375045582324,1.0000000022492017e-08,113,False,False,PRESERVED_INTERVAL_NO_CARTESIAN_ENUMERATION,"{""LP"": 0.08718375045582322, ""Q_dimension"": 7, ""raw"": 0.08718375045582322, ""spectral"": 0.03305161560970687, ""support_only"": 0.0}"
2024-08-18,0.053972656823672936,0.05397266682367298,1.0000000043308699e-08,113,False,False,PRESERVED_INTERVAL_NO_CARTESIAN_ENUMERATION,"{""LP"": 0.05397266682367294, ""Q_dimension"": 7, ""raw"": 0.05397266682367294, ""spectral"": 0.018629465367162725, ""support_only"": 0.0}"
2024-08-25,0.08178250845317678,0.08731503033087307,0.005532521877696289,113,False,False,PRESERVED_INTERVAL_NO_CARTESIAN_ENUMERATION,"{""LP"": 0.08178251845317677, ""Q_dimension"": 7, ""raw"": 0.08178251845317677, ""spectral"": 0.024149313538218965, ""support_only"": 0.0}"
2024-09-15,0.054914100183661795,0.06953943492405032,0.014625334740388525,113,False,False,PRESERVED_INTERVAL_NO_CARTESIAN_ENUMERATION,"{""LP"": 0.054914110183661796, ""Q_dimension"": 7, ""raw"": 0.054914110183661796, ""spectral"": 0.016572803314418176, ""support_only"": 0.0}"
2024-09-22,0.03450853473050293,0.06594295269465934,0.031434417964156414,113,False,False,PRESERVED_INTERVAL_NO_CARTESIAN_ENUMERATION,"{""LP"": 0.03450854473050293, ""Q_dimension"": 7, ""raw"": 0.03450854473050293, ""spectral"": 0.01478752875856517, ""support_only"": 0.0}"
2024-09-29,0.10377611553696164,0.10377612553696144,9.999999800447412e-09,113,False,False,PRESERVED_INTERVAL_NO_CARTESIAN_ENUMERATION,"{""LP"": 0.10377612553696164, ""Q_dimension"": 7, ""raw"": 0.10377612553696164, ""spectral"": 0.02981052346165267, ""support_only"": 0.0}"
2024-10-06,0.10488723660275912,0.10488724660275908,9.999999966980866e-09,113,False,False,PRESERVED_INTERVAL_NO_CARTESIAN_ENUMERATION,"{""LP"": 0.10488724660275911, ""Q_dimension"": 7, ""raw"": 0.10488724660275911, ""spectral"": 0.03427108368762862, ""support_only"": 0.0}"
2024-10-13,0.04664214377101512,0.06048586399826071,0.013843720227245594,113,False,False,PRESERVED_INTERVAL_NO_CARTESIAN_ENUMERATION,"{""LP"": 0.04664215377101512, ""Q_dimension"": 7, ""raw"": 0.04664215377101512, ""spectral"": 0.01780163432950503, ""support_only"": 0.0}"
2024-10-20,0.026959647838298427,0.05331819380678952,0.02635854596849109,113,False,False,PRESERVED_INTERVAL_NO_CARTESIAN_ENUMERATION,"{""LP"": 0.02695965783829843, ""Q_dimension"": 7, ""raw"": 0.02695965783829843, ""spectral"": 0.008778153514530219, ""support_only"": 0.0}"
2024-10-27,0.037178283051898714,0.0371782930518988,1.0000000084942062e-08,113,False,False,PRESERVED_INTERVAL_NO_CARTESIAN_ENUMERATION,"{""LP"": 0.037178293051898716, ""Q_dimension"": 7, ""raw"": 0.037178293051898716, ""spectral"": 0.01194375648196668, ""support_only"": 0.0}"
2024-11-03,0.07164036268140068,0.07164037268140042,9.999999731058473e-09,113,False,False,PRESERVED_INTERVAL_NO_CARTESIAN_ENUMERATION,"{""LP"": 0.07164037268140068, ""Q_dimension"": 7, ""raw"": 0.07164037268140068, ""spectral"": 0.02001031704205449, ""support_only"": 0.0}"
2024-11-10,0.047650966547495316,0.06605708952818759,0.018406122980692274,113,False,False,PRESERVED_INTERVAL_NO_CARTESIAN_ENUMERATION,"{""LP"": 0.04765097654749532, ""Q_dimension"": 7, ""raw"": 0.04765097654749532, ""spectral"": 0.019837018295407946, ""support_only"": 0.0}"
2024-11-17,0.050454577882177574,0.050454587882177576,1.0000000001675335e-08,113,False,False,PRESERVED_INTERVAL_NO_CARTESIAN_ENUMERATION,"{""LP"": 0.050454587882177576, ""Q_dimension"": 7, ""raw"": 0.050454587882177576, ""spectral"": 0.013664829291194268, ""support_only"": 0.0}"
2024-12-01,0.10056963158077475,0.10056964158077472,9.999999966980866e-09,113,False,False,PRESERVED_INTERVAL_NO_CARTESIAN_ENUMERATION,"{""LP"": 0.10056964158077475, ""Q_dimension"": 7, ""raw"": 0.10056964158077475, ""spectral"": 0.027903197943420572, ""support_only"": 0.0}"
2024-12-08,0.050248867640938284,0.05169044097288543,0.001441573331947145,113,False,False,PRESERVED_INTERVAL_NO_CARTESIAN_ENUMERATION,"{""LP"": 0.050248877640938286, ""Q_dimension"": 7, ""raw"": 0.050248877640938286, ""spectral"": 0.018971550131376518, ""support_only"": 0.0}"
2024-12-15,0.06177775019968707,0.061777760199687115,1.0000000043308699e-08,113,False,False,PRESERVED_INTERVAL_NO_CARTESIAN_ENUMERATION,"{""LP"": 0.06177776019968707, ""Q_dimension"": 7, ""raw"": 0.06177776019968707, ""spectral"": 0.019382813190759768, ""support_only"": 0.0}"
2024-12-29,0.0,0.07000058356676009,0.07000058356676009,113,False,False,PRESERVED_INTERVAL_NO_CARTESIAN_ENUMERATION,"{""LP"": 1.2212453270876722e-15, ""Q_dimension"": 7, ""raw"": 1.2212453270876722e-15, ""spectral"": 3.0850537616790444e-17, ""support_only"": 0.0}"
