window_start,alignment_advantage_lower,alignment_advantage_upper,universes
2021-08-29,-0.11373142857709367,-0.09753318737665745,IDA
2020-01-12,-0.030926145707349945,-0.003716244133301641,FULL_QUALIFIED_REFERENCE
2020-01-26,-0.006009523253636361,0.002999527122295398,FULL_QUALIFIED_REFERENCE
2020-02-02,-0.05514018865225853,-0.03393458181822326,FULL_QUALIFIED_REFERENCE
2020-02-09,0.013395415578922085,0.013395435578921935,FULL_QUALIFIED_REFERENCE
2020-02-16,-0.01875220348284256,-0.01812832530693797,FULL_QUALIFIED_REFERENCE
2020-03-01,0.012009999742883679,0.041420391669718976,FULL_QUALIFIED_REFERENCE
2020-03-08,-0.019654719048318,-0.0196546990483183,FULL_QUALIFIED_REFERENCE
2020-03-15,0.005895924308176578,0.00589594430817654,FULL_QUALIFIED_REFERENCE
2020-03-22,0.018334363697167316,0.01833438369716696,FULL_QUALIFIED_REFERENCE
2020-03-29,-0.010290394430022621,0.001878091318702202,FULL_QUALIFIED_REFERENCE
2020-04-05,-0.0003691379796422409,0.00875603547036994,FULL_QUALIFIED_REFERENCE
2020-04-19,-0.01739103069437839,0.007159072829367272,FULL_QUALIFIED_REFERENCE
2020-04-26,-0.021234563772780393,1.0000000057186487e-08,FULL_QUALIFIED_REFERENCE
2020-05-03,-0.003399623707167572,0.004263045917968632,FULL_QUALIFIED_REFERENCE
2020-05-10,-0.010870041874025467,0.0443803948375031,FULL_QUALIFIED_REFERENCE
2020-05-17,-0.012000454869459928,-0.004764314457917428,FULL_QUALIFIED_REFERENCE
2020-05-31,-1.000000006412538e-08,9.999999925347502e-09,FULL_QUALIFIED_REFERENCE
2020-06-07,-0.056302377270764224,-0.012532665245528499,FULL_QUALIFIED_REFERENCE
2020-06-14,-0.05493838660836646,1.0000000175147683e-08,FULL_QUALIFIED_REFERENCE
2020-06-21,-0.015116532032602388,0.0025770047468967744,FULL_QUALIFIED_REFERENCE
2020-06-28,-0.027288771816441855,-0.008446302693476154,FULL_QUALIFIED_REFERENCE
2020-07-05,-0.06017674709716295,0.017123291838789582,FULL_QUALIFIED_REFERENCE
2020-07-12,-0.012944918456893065,0.07088486525801704,FULL_QUALIFIED_REFERENCE
2020-07-19,-0.016568433907792682,-0.016568413907792713,FULL_QUALIFIED_REFERENCE
2020-07-26,0.006868383933499686,0.012948879820690172,FULL_QUALIFIED_REFERENCE
2020-08-02,-0.029323792111442055,-0.004748284010767365,FULL_QUALIFIED_REFERENCE
2020-08-09,-0.055474009106761125,-0.041630729571051406,FULL_QUALIFIED_REFERENCE
2020-08-16,0.005951470349453626,0.010537063987225117,FULL_QUALIFIED_REFERENCE
2020-08-30,-9.878102836680808e-05,0.009804798219077558,FULL_QUALIFIED_REFERENCE
2020-09-13,-0.030824109720566345,-0.012596648828553034,FULL_QUALIFIED_REFERENCE
2020-09-20,-9.99999949513608e-09,0.005701424932500518,FULL_QUALIFIED_REFERENCE
2020-09-27,-0.01160394204419507,0.009202386679679063,FULL_QUALIFIED_REFERENCE
2020-10-04,-0.01852137857379,0.005788965073059739,FULL_QUALIFIED_REFERENCE
2020-10-11,-0.015369809595766237,9.999999960041972e-09,FULL_QUALIFIED_REFERENCE
2020-10-18,-0.04333869871947522,9.99999993922529e-09,FULL_QUALIFIED_REFERENCE
2020-11-01,-0.04263587609861798,1.0000000105758744e-08,FULL_QUALIFIED_REFERENCE
2020-11-08,0.004161543159705586,0.013486808722470427,FULL_QUALIFIED_REFERENCE
2020-11-15,-0.005227702805452178,-0.005227682805452216,FULL_QUALIFIED_REFERENCE
2020-11-29,-0.022509807034035323,-0.019286419373092584,FULL_QUALIFIED_REFERENCE
2020-12-06,-0.007125494257132985,-0.0030448726124327613,FULL_QUALIFIED_REFERENCE
2020-12-13,-0.0021813635243976837,-0.002181343524397708,FULL_QUALIFIED_REFERENCE
2021-01-03,-0.04573032674019178,9.999999918408609e-09,FULL_QUALIFIED_REFERENCE
2021-01-10,-0.04081544867921172,0.015257589253401004,FULL_QUALIFIED_REFERENCE
2021-01-24,-0.0066132589204074416,-0.0063464243150782584,FULL_QUALIFIED_REFERENCE
2021-01-31,-0.09383554703714125,-0.024370600030955647,FULL_QUALIFIED_REFERENCE
2021-02-07,0.0176626412857801,0.01766266128578007,FULL_QUALIFIED_REFERENCE
2021-02-21,-0.0297006921110368,-0.01665334141323039,FULL_QUALIFIED_REFERENCE
2021-02-28,-0.010645791343730254,-0.0069398764531785825,FULL_QUALIFIED_REFERENCE
2021-03-07,-0.0034624273548084436,0.013081473681935345,FULL_QUALIFIED_REFERENCE
2021-03-14,-0.01741750835118508,-0.007787298716253652,FULL_QUALIFIED_REFERENCE
2021-03-21,-0.004650559212729,-0.004650539212729142,FULL_QUALIFIED_REFERENCE
2021-03-28,-9.999999918408609e-09,0.003855284446338432,FULL_QUALIFIED_REFERENCE
2021-04-11,-0.009938173043000834,0.01398334113123531,FULL_QUALIFIED_REFERENCE
2021-04-18,-0.003689756657751196,0.010808375905000514,FULL_QUALIFIED_REFERENCE
2021-04-25,-0.01112932667454817,0.008292885688449117,FULL_QUALIFIED_REFERENCE
2021-05-02,-0.021159921491707475,0.0029848814764527054,FULL_QUALIFIED_REFERENCE
2021-05-09,-0.0030348967022863146,-0.0004333542659957085,FULL_QUALIFIED_REFERENCE
2021-05-16,-0.0002131549338397487,0.0012568518553431988,FULL_QUALIFIED_REFERENCE
2021-05-23,-0.019175238027558425,0.0011547654931884019,FULL_QUALIFIED_REFERENCE
2021-05-30,-0.033242210220773775,-0.030981343229617594,FULL_QUALIFIED_REFERENCE
2021-06-06,0.009506721719914082,0.009506741719913926,FULL_QUALIFIED_REFERENCE
2021-06-13,-1.000000001902257e-08,9.999999817794647e-09,FULL_QUALIFIED_REFERENCE
2021-06-20,-0.047747477915671376,-0.00195721829038923,FULL_QUALIFIED_REFERENCE
2021-06-27,-1.000000000861423e-08,1.000000000861423e-08,FULL_QUALIFIED_REFERENCE
2021-07-11,-0.0005886454993094398,-0.0005886254993102275,FULL_QUALIFIED_REFERENCE|STAGE_ERA_MATCHED_REFERENCE|SAME_SEASON_STAGE_REFERENCE
2021-07-18,-0.025817433901300244,-0.02581741390130029,FULL_QUALIFIED_REFERENCE|STAGE_ERA_MATCHED_REFERENCE|SAME_SEASON_STAGE_REFERENCE
2021-07-25,0.0007940010352288918,0.0007940210352284371,FULL_QUALIFIED_REFERENCE|STAGE_ERA_MATCHED_REFERENCE|SAME_SEASON_STAGE_REFERENCE
2021-08-01,-0.0253903990888698,0.010636469996114908,FULL_QUALIFIED_REFERENCE|STAGE_ERA_MATCHED_REFERENCE|SAME_SEASON_STAGE_REFERENCE
2021-08-08,-0.017840534894595417,0.033238078949236124,FULL_QUALIFIED_REFERENCE|STAGE_ERA_MATCHED_REFERENCE|SAME_SEASON_STAGE_REFERENCE
2021-08-15,0.01242218918627274,0.013176606610683018,FULL_QUALIFIED_REFERENCE|STAGE_ERA_MATCHED_REFERENCE|SAME_SEASON_STAGE_REFERENCE
2021-08-22,-0.007275153294591753,0.0009254232101447851,FULL_QUALIFIED_REFERENCE|STAGE_ERA_MATCHED_REFERENCE|SAME_SEASON_STAGE_REFERENCE
2021-09-12,0.02506501845238749,0.026136353643706277,FULL_QUALIFIED_REFERENCE|STAGE_ERA_MATCHED_REFERENCE|SAME_SEASON_STAGE_REFERENCE
2021-09-19,-0.018700776371603774,0.0010673652193119512,FULL_QUALIFIED_REFERENCE|STAGE_ERA_MATCHED_REFERENCE|SAME_SEASON_STAGE_REFERENCE
2021-09-26,-0.016205889785233026,-0.01620586978523321,FULL_QUALIFIED_REFERENCE|STAGE_ERA_MATCHED_REFERENCE|SAME_SEASON_STAGE_REFERENCE
2021-10-03,0.009255267366684895,0.034916593735334726,FULL_QUALIFIED_REFERENCE|STAGE_ERA_MATCHED_REFERENCE|SAME_SEASON_STAGE_REFERENCE
2021-10-10,-9.999999925347502e-09,9.999999772691837e-09,FULL_QUALIFIED_REFERENCE|STAGE_ERA_MATCHED_REFERENCE|SAME_SEASON_STAGE_REFERENCE
2021-10-17,-0.00692081335212321,0.008082369435812364,FULL_QUALIFIED_REFERENCE|STAGE_ERA_MATCHED_REFERENCE|SAME_SEASON_STAGE_REFERENCE
2021-10-24,-0.009533385609872526,0.005039059535522007,FULL_QUALIFIED_REFERENCE|STAGE_ERA_MATCHED_REFERENCE|SAME_SEASON_STAGE_REFERENCE
2021-10-31,-0.013112382638917577,-0.001076383285489979,FULL_QUALIFIED_REFERENCE|STAGE_ERA_MATCHED_REFERENCE|SAME_SEASON_STAGE_REFERENCE
2021-11-07,-0.011177362928419067,0.004410792752211984,FULL_QUALIFIED_REFERENCE|STAGE_ERA_MATCHED_REFERENCE|SAME_SEASON_STAGE_REFERENCE
2021-11-14,0.03973533834173655,0.039735358341736145,FULL_QUALIFIED_REFERENCE|STAGE_ERA_MATCHED_REFERENCE|SAME_SEASON_STAGE_REFERENCE
2021-11-28,-0.03015674800707121,-0.00909048632360955,FULL_QUALIFIED_REFERENCE|STAGE_ERA_MATCHED_REFERENCE|SAME_SEASON_STAGE_REFERENCE
2021-12-05,-9.999999980858654e-09,1.0000000043308699e-08,FULL_QUALIFIED_REFERENCE|STAGE_ERA_MATCHED_REFERENCE
2021-12-12,0.0027479766640101794,0.029778040879331082,FULL_QUALIFIED_REFERENCE|STAGE_ERA_MATCHED_REFERENCE
2021-12-19,-0.02774667535273525,-0.0013978952703773695,FULL_QUALIFIED_REFERENCE|STAGE_ERA_MATCHED_REFERENCE
2021-12-26,-0.0016720798971072842,-0.0016720598971072531,FULL_QUALIFIED_REFERENCE|STAGE_ERA_MATCHED_REFERENCE
2022-01-02,0.03212127928497713,0.05048569660800128,FULL_QUALIFIED_REFERENCE|STAGE_ERA_MATCHED_REFERENCE
2022-01-09,-0.004452031922952224,0.005057026851810524,FULL_QUALIFIED_REFERENCE|STAGE_ERA_MATCHED_REFERENCE
2022-01-23,-9.999999994736442e-09,0.024784525619851526,FULL_QUALIFIED_REFERENCE|STAGE_ERA_MATCHED_REFERENCE
2022-01-30,-0.013575709850235172,-0.013575689850235294,FULL_QUALIFIED_REFERENCE|STAGE_ERA_MATCHED_REFERENCE
2022-02-06,-0.013594659796605936,-0.011531276947828843,FULL_QUALIFIED_REFERENCE|STAGE_ERA_MATCHED_REFERENCE
2022-02-13,0.01808925208123878,0.032284133875628306,FULL_QUALIFIED_REFERENCE|STAGE_ERA_MATCHED_REFERENCE
2022-02-20,-0.030474414898430967,-0.006121063611853314,FULL_QUALIFIED_REFERENCE|STAGE_ERA_MATCHED_REFERENCE
2022-02-27,-0.026339190827316603,-0.021059284945975726,FULL_QUALIFIED_REFERENCE|STAGE_ERA_MATCHED_REFERENCE
2022-03-06,0.003508538233520833,0.009820212185686177,FULL_QUALIFIED_REFERENCE|STAGE_ERA_MATCHED_REFERENCE
2022-03-13,-0.017742662982515943,0.027176128838384737,FULL_QUALIFIED_REFERENCE|STAGE_ERA_MATCHED_REFERENCE
2022-03-20,0.0013787936470160203,0.0013788136470158086,FULL_QUALIFIED_REFERENCE|STAGE_ERA_MATCHED_REFERENCE
2022-03-27,-0.0079042987290667,0.0011657287375711964,FULL_QUALIFIED_REFERENCE|STAGE_ERA_MATCHED_REFERENCE
2022-04-03,-0.010847364866446094,0.01128497309445086,FULL_QUALIFIED_REFERENCE|STAGE_ERA_MATCHED_REFERENCE
2022-04-10,-0.007277504669051013,-0.007277484669051315,FULL_QUALIFIED_REFERENCE|STAGE_ERA_MATCHED_REFERENCE
2022-04-24,0.0065531770212892484,0.00655319702128921,FULL_QUALIFIED_REFERENCE|STAGE_ERA_MATCHED_REFERENCE
2022-05-01,-0.005182431014174947,0.015037501207639328,FULL_QUALIFIED_REFERENCE|STAGE_ERA_MATCHED_REFERENCE
2022-05-08,-0.0061913370907124635,-0.0023069736694992585,FULL_QUALIFIED_REFERENCE|STAGE_ERA_MATCHED_REFERENCE
2022-05-15,-0.024480790650963223,0.04031094993257208,FULL_QUALIFIED_REFERENCE|STAGE_ERA_MATCHED_REFERENCE
2022-05-22,-0.03905880698833864,0.06569256499856752,FULL_QUALIFIED_REFERENCE|STAGE_ERA_MATCHED_REFERENCE
2022-05-29,-0.0004423027922044881,-0.0004422827922044986,FULL_QUALIFIED_REFERENCE|STAGE_ERA_MATCHED_REFERENCE
2022-06-05,0.014078765953817095,0.014078785953816113,FULL_QUALIFIED_REFERENCE|STAGE_ERA_MATCHED_REFERENCE|SAME_SEASON_STAGE_REFERENCE
2022-06-12,0.0014125359243572569,0.01869238628214289,FULL_QUALIFIED_REFERENCE|STAGE_ERA_MATCHED_REFERENCE|SAME_SEASON_STAGE_REFERENCE
2022-06-19,-0.0536933071326062,-0.05344508297226325,FULL_QUALIFIED_REFERENCE|STAGE_ERA_MATCHED_REFERENCE|SAME_SEASON_STAGE_REFERENCE
2022-06-26,-0.03247871342669034,-0.032478693426690686,FULL_QUALIFIED_REFERENCE|STAGE_ERA_MATCHED_REFERENCE|SAME_SEASON_STAGE_REFERENCE
2022-07-10,-0.05247778035105438,-0.0524777603510542,FULL_QUALIFIED_REFERENCE|STAGE_ERA_MATCHED_REFERENCE|SAME_SEASON_STAGE_REFERENCE
2022-07-17,-0.04398984932917745,-0.038459427080279954,FULL_QUALIFIED_REFERENCE|STAGE_ERA_MATCHED_REFERENCE|SAME_SEASON_STAGE_REFERENCE
2022-07-24,-0.04402332273443884,-0.007871597054230364,FULL_QUALIFIED_REFERENCE|STAGE_ERA_MATCHED_REFERENCE|SAME_SEASON_STAGE_REFERENCE
2022-07-31,0.012611885219588184,0.036835260012113735,FULL_QUALIFIED_REFERENCE|STAGE_ERA_MATCHED_REFERENCE|SAME_SEASON_STAGE_REFERENCE
2022-08-07,-0.00855014367364726,-0.0041308780678704984,FULL_QUALIFIED_REFERENCE|STAGE_ERA_MATCHED_REFERENCE|SAME_SEASON_STAGE_REFERENCE
2022-08-14,-0.022163941998768838,0.04840790589666662,FULL_QUALIFIED_REFERENCE|STAGE_ERA_MATCHED_REFERENCE|SAME_SEASON_STAGE_REFERENCE
2022-08-21,-0.026153507788127583,-0.026153487788128038,FULL_QUALIFIED_REFERENCE|STAGE_ERA_MATCHED_REFERENCE|SAME_SEASON_STAGE_REFERENCE
2022-08-28,-0.04327827910623853,-0.043278259106238726,FULL_QUALIFIED_REFERENCE|STAGE_ERA_MATCHED_REFERENCE|SAME_SEASON_STAGE_REFERENCE
2022-09-11,-9.999999411869354e-09,0.00758396643268161,FULL_QUALIFIED_REFERENCE|STAGE_ERA_MATCHED_REFERENCE|SAME_SEASON_STAGE_REFERENCE
2022-09-18,0.007791737049062664,0.025310919778318487,FULL_QUALIFIED_REFERENCE|STAGE_ERA_MATCHED_REFERENCE|SAME_SEASON_STAGE_REFERENCE
2022-10-02,0.013127021324103899,0.03072156903949847,FULL_QUALIFIED_REFERENCE|STAGE_ERA_MATCHED_REFERENCE|SAME_SEASON_STAGE_REFERENCE
2022-10-09,-0.017764135994972743,-0.006991949716384643,FULL_QUALIFIED_REFERENCE|STAGE_ERA_MATCHED_REFERENCE|SAME_SEASON_STAGE_REFERENCE
2022-10-16,-0.011370486745476652,0.0020566635846725467,FULL_QUALIFIED_REFERENCE|STAGE_ERA_MATCHED_REFERENCE|SAME_SEASON_STAGE_REFERENCE
2022-10-23,-9.999999994736442e-09,9.999999925347502e-09,FULL_QUALIFIED_REFERENCE|STAGE_ERA_MATCHED_REFERENCE|SAME_SEASON_STAGE_REFERENCE
2022-10-30,-0.0021355688488837177,0.015212921067137567,FULL_QUALIFIED_REFERENCE|STAGE_ERA_MATCHED_REFERENCE|SAME_SEASON_STAGE_REFERENCE
2022-11-06,-0.012317051862096716,9.999999890653033e-09,FULL_QUALIFIED_REFERENCE|STAGE_ERA_MATCHED_REFERENCE|SAME_SEASON_STAGE_REFERENCE
2022-11-13,-0.005844232238946201,-0.005498655932575348,FULL_QUALIFIED_REFERENCE|STAGE_ERA_MATCHED_REFERENCE|SAME_SEASON_STAGE_REFERENCE
2022-11-27,-0.02656115433708197,-0.01578643915854404,FULL_QUALIFIED_REFERENCE|STAGE_ERA_MATCHED_REFERENCE|SAME_SEASON_STAGE_REFERENCE
2022-12-04,-0.04049593428231364,0.003055716226956162,FULL_QUALIFIED_REFERENCE|STAGE_ERA_MATCHED_REFERENCE
2022-12-11,0.0035507394174573784,0.023021096152161163,FULL_QUALIFIED_REFERENCE|STAGE_ERA_MATCHED_REFERENCE
2022-12-18,-0.03167369485791856,-0.009540613971397022,FULL_QUALIFIED_REFERENCE|STAGE_ERA_MATCHED_REFERENCE
2023-01-08,0.0024246434192670557,0.006823819318473562,FULL_QUALIFIED_REFERENCE|STAGE_ERA_MATCHED_REFERENCE
2023-01-22,-0.009932572187568926,0.035608681931007434,FULL_QUALIFIED_REFERENCE|STAGE_ERA_MATCHED_REFERENCE
2023-01-29,-1.0000000001675335e-08,0.00026652570676880677,FULL_QUALIFIED_REFERENCE|STAGE_ERA_MATCHED_REFERENCE
2023-02-05,0.005028537205837354,0.005028557205837163,FULL_QUALIFIED_REFERENCE|STAGE_ERA_MATCHED_REFERENCE
2023-02-12,-1.0000000029430911e-08,9.99999965473064e-09,FULL_QUALIFIED_REFERENCE|STAGE_ERA_MATCHED_REFERENCE
2023-02-26,-0.017068729155907944,0.0454232479727204,FULL_QUALIFIED_REFERENCE|STAGE_ERA_MATCHED_REFERENCE
2023-03-05,-0.01258114296135724,0.032547042168146696,FULL_QUALIFIED_REFERENCE|STAGE_ERA_MATCHED_REFERENCE
2023-03-12,0.014961487086757562,0.03044199544243846,FULL_QUALIFIED_REFERENCE|STAGE_ERA_MATCHED_REFERENCE
2023-03-19,0.00775928330705708,0.007759303307056306,FULL_QUALIFIED_REFERENCE|STAGE_ERA_MATCHED_REFERENCE
2023-03-26,-0.037970050903597674,0.016553327614298924,FULL_QUALIFIED_REFERENCE|STAGE_ERA_MATCHED_REFERENCE
2023-04-02,-0.007992682705601557,-0.0032712034391920164,FULL_QUALIFIED_REFERENCE|STAGE_ERA_MATCHED_REFERENCE
2023-04-16,-0.03712270620168192,0.0368729298064107,FULL_QUALIFIED_REFERENCE|STAGE_ERA_MATCHED_REFERENCE
2023-04-23,0.010235259102054618,0.01777658882043969,FULL_QUALIFIED_REFERENCE|STAGE_ERA_MATCHED_REFERENCE
2023-04-30,-0.013955742994737098,0.0200677619154934,FULL_QUALIFIED_REFERENCE|STAGE_ERA_MATCHED_REFERENCE
2023-05-07,-0.012976784828144149,0.022833807682306077,FULL_QUALIFIED_REFERENCE|STAGE_ERA_MATCHED_REFERENCE
2023-05-14,-1.000000000861423e-08,9.999999980858654e-09,FULL_QUALIFIED_REFERENCE|STAGE_ERA_MATCHED_REFERENCE
2023-05-21,-0.050294638314432115,-0.028112943791763323,FULL_QUALIFIED_REFERENCE|STAGE_ERA_MATCHED_REFERENCE
2023-05-28,0.006559947766296245,0.006559967766295222,FULL_QUALIFIED_REFERENCE|STAGE_ERA_MATCHED_REFERENCE
2023-06-04,-0.019106940751617528,0.03991796659128958,FULL_QUALIFIED_REFERENCE|STAGE_ERA_MATCHED_REFERENCE|SAME_SEASON_STAGE_REFERENCE
2023-06-11,-0.013297036177096752,0.06045286769424161,FULL_QUALIFIED_REFERENCE|STAGE_ERA_MATCHED_REFERENCE|SAME_SEASON_STAGE_REFERENCE
2023-06-18,0.020328825851145732,0.020328845851145375,FULL_QUALIFIED_REFERENCE|STAGE_ERA_MATCHED_REFERENCE|SAME_SEASON_STAGE_REFERENCE
2023-06-25,-0.0026804504378950197,0.005068910784268778,FULL_QUALIFIED_REFERENCE|STAGE_ERA_MATCHED_REFERENCE|SAME_SEASON_STAGE_REFERENCE
2023-07-09,0.038219590336460954,0.038219610336460194,FULL_QUALIFIED_REFERENCE|STAGE_ERA_MATCHED_REFERENCE|SAME_SEASON_STAGE_REFERENCE
2023-07-16,-9.99999993922529e-09,0.019980958063482226,FULL_QUALIFIED_REFERENCE|STAGE_ERA_MATCHED_REFERENCE|SAME_SEASON_STAGE_REFERENCE
2023-07-23,-0.013193398237713816,0.011563533455070218,FULL_QUALIFIED_REFERENCE|STAGE_ERA_MATCHED_REFERENCE|SAME_SEASON_STAGE_REFERENCE
2023-07-30,-0.012633004233879107,0.02390631746710508,FULL_QUALIFIED_REFERENCE|STAGE_ERA_MATCHED_REFERENCE|SAME_SEASON_STAGE_REFERENCE
2023-08-06,0.0520815012019986,0.0520815212019981,FULL_QUALIFIED_REFERENCE|STAGE_ERA_MATCHED_REFERENCE|SAME_SEASON_STAGE_REFERENCE
2023-08-13,0.028294955091578824,0.03372259613179008,FULL_QUALIFIED_REFERENCE|STAGE_ERA_MATCHED_REFERENCE|SAME_SEASON_STAGE_REFERENCE
2023-08-20,-0.0035702734857506607,0.017151347994261296,FULL_QUALIFIED_REFERENCE|STAGE_ERA_MATCHED_REFERENCE|SAME_SEASON_STAGE_REFERENCE
2023-08-27,-0.012877178257807334,-0.007054081927798217,FULL_QUALIFIED_REFERENCE|STAGE_ERA_MATCHED_REFERENCE|SAME_SEASON_STAGE_REFERENCE
2023-09-10,-0.003215848532532796,0.041181145512794275,FULL_QUALIFIED_REFERENCE|STAGE_ERA_MATCHED_REFERENCE|SAME_SEASON_STAGE_REFERENCE
2023-09-17,0.00011774192126375038,0.025326130496213885,FULL_QUALIFIED_REFERENCE|STAGE_ERA_MATCHED_REFERENCE|SAME_SEASON_STAGE_REFERENCE
2023-09-24,-0.00038203919296864175,0.009834842148204764,FULL_QUALIFIED_REFERENCE|STAGE_ERA_MATCHED_REFERENCE|SAME_SEASON_STAGE_REFERENCE
2023-10-01,-0.029127214435014682,0.0001604354312423062,FULL_QUALIFIED_REFERENCE|STAGE_ERA_MATCHED_REFERENCE|SAME_SEASON_STAGE_REFERENCE
2023-10-08,-0.006677094735781902,0.0026276876591661696,FULL_QUALIFIED_REFERENCE|STAGE_ERA_MATCHED_REFERENCE|SAME_SEASON_STAGE_REFERENCE
2023-10-15,-0.005192834576950238,-0.005192814576950311,FULL_QUALIFIED_REFERENCE|STAGE_ERA_MATCHED_REFERENCE|SAME_SEASON_STAGE_REFERENCE
2023-10-22,-0.03525487552064052,-0.03525485552064065,FULL_QUALIFIED_REFERENCE|STAGE_ERA_MATCHED_REFERENCE|SAME_SEASON_STAGE_REFERENCE
2023-10-29,-0.004601641398800774,-0.004601621398801686,FULL_QUALIFIED_REFERENCE|STAGE_ERA_MATCHED_REFERENCE|SAME_SEASON_STAGE_REFERENCE
2023-11-05,-1.0000000029430911e-08,9.999999786569624e-09,FULL_QUALIFIED_REFERENCE|STAGE_ERA_MATCHED_REFERENCE|SAME_SEASON_STAGE_REFERENCE
2023-11-12,-0.023133393651041494,-0.023133373651041463,FULL_QUALIFIED_REFERENCE|STAGE_ERA_MATCHED_REFERENCE|SAME_SEASON_STAGE_REFERENCE
2023-11-26,-0.07711062938768923,-0.028124572453953972,FULL_QUALIFIED_REFERENCE|STAGE_ERA_MATCHED_REFERENCE|SAME_SEASON_STAGE_REFERENCE
2023-12-03,0.0038253868253980833,0.0038254068253962825,FULL_QUALIFIED_REFERENCE|STAGE_ERA_MATCHED_REFERENCE
2023-12-10,0.021825189474456386,0.04071347062785734,FULL_QUALIFIED_REFERENCE|STAGE_ERA_MATCHED_REFERENCE
2023-12-17,-0.03357114854000244,-0.013858015509209759,FULL_QUALIFIED_REFERENCE|STAGE_ERA_MATCHED_REFERENCE
2024-02-04,-0.035609088997348236,0.0034094230963715166,FULL_QUALIFIED_REFERENCE|STAGE_ERA_MATCHED_REFERENCE
2024-02-18,-0.020066580188170223,-0.005473804009768227,FULL_QUALIFIED_REFERENCE|STAGE_ERA_MATCHED_REFERENCE
2024-02-25,-0.009262675699007614,-0.009262655699007895,FULL_QUALIFIED_REFERENCE|STAGE_ERA_MATCHED_REFERENCE
2024-03-03,-0.00479505688182251,-0.00479503688182252,FULL_QUALIFIED_REFERENCE|STAGE_ERA_MATCHED_REFERENCE
2024-03-10,0.00450875307802219,0.02522480504601235,FULL_QUALIFIED_REFERENCE|STAGE_ERA_MATCHED_REFERENCE
2024-03-17,0.0005693380628064015,0.004528570662459423,FULL_QUALIFIED_REFERENCE|STAGE_ERA_MATCHED_REFERENCE
2024-03-24,-0.0025216377731762593,0.020721806528287305,FULL_QUALIFIED_REFERENCE|STAGE_ERA_MATCHED_REFERENCE
2024-03-31,-0.048771413165654164,-0.010069756934020499,FULL_QUALIFIED_REFERENCE|STAGE_ERA_MATCHED_REFERENCE
2024-04-07,-0.009808006405436123,-0.008013054052390556,FULL_QUALIFIED_REFERENCE|STAGE_ERA_MATCHED_REFERENCE
2024-04-14,-0.012818770407032325,0.022889990571224837,FULL_QUALIFIED_REFERENCE|STAGE_ERA_MATCHED_REFERENCE
2024-04-21,-9.999999855958563e-09,0.002256393882083693,FULL_QUALIFIED_REFERENCE|STAGE_ERA_MATCHED_REFERENCE
2024-04-28,0.008658005124102294,0.008658025124102381,FULL_QUALIFIED_REFERENCE|STAGE_ERA_MATCHED_REFERENCE
2024-05-05,-0.13587553399195407,-0.1276633540314835,FULL_QUALIFIED_REFERENCE|STAGE_ERA_MATCHED_REFERENCE
2024-05-12,-0.06564199490843886,-0.06564197490843929,FULL_QUALIFIED_REFERENCE|STAGE_ERA_MATCHED_REFERENCE
2024-05-19,0.04229204519415487,0.05419140416943597,FULL_QUALIFIED_REFERENCE|STAGE_ERA_MATCHED_REFERENCE
2024-06-02,-0.007454140847392522,0.044886915988290636,FULL_QUALIFIED_REFERENCE|STAGE_ERA_MATCHED_REFERENCE|SAME_SEASON_STAGE_REFERENCE
2024-06-09,0.023657374323452413,0.02527974690431424,FULL_QUALIFIED_REFERENCE|STAGE_ERA_MATCHED_REFERENCE|SAME_SEASON_STAGE_REFERENCE
2024-06-16,-9.999999953103078e-09,0.00967238214843355,FULL_QUALIFIED_REFERENCE|STAGE_ERA_MATCHED_REFERENCE|SAME_SEASON_STAGE_REFERENCE
2024-06-23,-0.001502888114370382,-0.0012691591574131023,FULL_QUALIFIED_REFERENCE|STAGE_ERA_MATCHED_REFERENCE|SAME_SEASON_STAGE_REFERENCE
2024-06-30,-0.03747234427294127,-0.027233449420915268,FULL_QUALIFIED_REFERENCE|STAGE_ERA_MATCHED_REFERENCE|SAME_SEASON_STAGE_REFERENCE
2024-07-07,-0.0005733518008894309,-0.0005733318008894275,FULL_QUALIFIED_REFERENCE|STAGE_ERA_MATCHED_REFERENCE|SAME_SEASON_STAGE_REFERENCE
2024-07-14,-0.0031157575973217375,0.021417887682750762,FULL_QUALIFIED_REFERENCE|STAGE_ERA_MATCHED_REFERENCE|SAME_SEASON_STAGE_REFERENCE
2024-07-21,-0.016884241051219002,-0.013413467031105603,FULL_QUALIFIED_REFERENCE|STAGE_ERA_MATCHED_REFERENCE|SAME_SEASON_STAGE_REFERENCE
2024-07-28,0.009376995028916119,0.009377015028915879,FULL_QUALIFIED_REFERENCE|STAGE_ERA_MATCHED_REFERENCE|SAME_SEASON_STAGE_REFERENCE
2024-08-04,0.0028653894237389566,0.0028654094237383076,FULL_QUALIFIED_REFERENCE|STAGE_ERA_MATCHED_REFERENCE|SAME_SEASON_STAGE_REFERENCE
2024-08-11,-0.01979823435099888,-0.01574494346626157,FULL_QUALIFIED_REFERENCE|STAGE_ERA_MATCHED_REFERENCE|SAME_SEASON_STAGE_REFERENCE
2024-08-18,-0.005215289642702757,0.0018958412955207768,FULL_QUALIFIED_REFERENCE|STAGE_ERA_MATCHED_REFERENCE|SAME_SEASON_STAGE_REFERENCE
2024-08-25,-0.023637209075135862,0.02974599056758226,FULL_QUALIFIED_REFERENCE|STAGE_ERA_MATCHED_REFERENCE|SAME_SEASON_STAGE_REFERENCE
2024-09-15,-9.999999994736442e-09,0.028342270129012033,FULL_QUALIFIED_REFERENCE|STAGE_ERA_MATCHED_REFERENCE|SAME_SEASON_STAGE_REFERENCE
2024-09-22,-0.0035393225812738113,0.05240194342746303,FULL_QUALIFIED_REFERENCE|STAGE_ERA_MATCHED_REFERENCE|SAME_SEASON_STAGE_REFERENCE
2024-09-29,-0.029927166044052378,-0.011949054613428642,FULL_QUALIFIED_REFERENCE|STAGE_ERA_MATCHED_REFERENCE|SAME_SEASON_STAGE_REFERENCE
2024-10-06,-0.03712368213692009,-0.013762429759541936,FULL_QUALIFIED_REFERENCE|STAGE_ERA_MATCHED_REFERENCE|SAME_SEASON_STAGE_REFERENCE
2024-10-13,-9.999999966980866e-09,0.03125575980741232,FULL_QUALIFIED_REFERENCE|STAGE_ERA_MATCHED_REFERENCE|SAME_SEASON_STAGE_REFERENCE
2024-10-20,0.023582355335777884,0.06875745557111268,FULL_QUALIFIED_REFERENCE|STAGE_ERA_MATCHED_REFERENCE|SAME_SEASON_STAGE_REFERENCE
2024-10-27,-0.004973735847331594,0.002281225873593619,FULL_QUALIFIED_REFERENCE|STAGE_ERA_MATCHED_REFERENCE|SAME_SEASON_STAGE_REFERENCE
2024-11-03,-9.999999717180685e-09,0.014835418557682653,FULL_QUALIFIED_REFERENCE|STAGE_ERA_MATCHED_REFERENCE|SAME_SEASON_STAGE_REFERENCE
2024-11-10,0.0133865208630181,0.03179265384371037,FULL_QUALIFIED_REFERENCE|STAGE_ERA_MATCHED_REFERENCE|SAME_SEASON_STAGE_REFERENCE
2024-11-17,-9.999999883714139e-09,0.004188024703242282,FULL_QUALIFIED_REFERENCE|STAGE_ERA_MATCHED_REFERENCE|SAME_SEASON_STAGE_REFERENCE
2024-12-01,-0.02212810548008906,-0.01587150208475681,FULL_QUALIFIED_REFERENCE|STAGE_ERA_MATCHED_REFERENCE
2024-12-08,-0.004104385169556982,0.02523804320814573,FULL_QUALIFIED_REFERENCE|STAGE_ERA_MATCHED_REFERENCE
2024-12-15,-0.00317232951877474,-0.003172309518774688,FULL_QUALIFIED_REFERENCE|STAGE_ERA_MATCHED_REFERENCE
2024-12-29,-0.03158973372732791,0.09661826955096187,FULL_QUALIFIED_REFERENCE|STAGE_ERA_MATCHED_REFERENCE
