window_start,A,sigma_1,sigma_2,sigma_3,U_direct,U_direct_state,U_full_lower,U_full_upper,Q_lower,Q_upper,D_lower,D_upper,M_max_cell,universes
2021-08-29,0.5071816170350076,1.0837038277988178,0.26225450013178025,0.08578943193642428,0.42228762837232003,911_OPCD_L18_S00319|LWIN_ZERO@lambda=18,0.25073448467090204,0.25073449467090003,0.4943682425571733,0.4943682622739723,0.17155313370142,0.171553143701418,0.5071816170350076,IDA
2020-01-12,0.10867345851523064,0.19243449980825736,0.039388031261271744,0.0,0.0914386744239892,911_OPCD_L60_S00222|LWIN_ZERO@lambda=60,0.06206394173832167,0.062063951738321514,0.5711048731335203,0.5711049651523074,0.029374722685667688,0.02937473268566753,0.10867345851523064,FULL_QUALIFIED_REFERENCE
2020-01-26,0.050211788707693404,0.08300158717330404,0.04719679021071747,0.0,0.03397066992661511,911_OPCD_L72_S00261|LWIN_ZERO@lambda=72,0.028240482559302914,0.028240492559302808,0.5624273360127466,0.5624275351691629,0.005730177367312305,0.005730187367312199,0.050211788707693404,FULL_QUALIFIED_REFERENCE
2020-02-02,0.10719839075934812,0.1562021540354762,0.029380695545096692,0.0,0.07056019677398702,911_OPCD_L72_S00261|LWIN_ZERO@lambda=72,0.06947369089006371,0.06947370089006363,0.648085203499245,0.6480852967842268,0.0010864958839233857,0.001086505883923311,0.10719839075934812,FULL_QUALIFIED_REFERENCE
2020-02-09,0.07475789928809469,0.17306551239846582,0.05018759385592714,0.0,0.07475789928809469,911_OPCD_L00_S00001|LWIN_ZERO@lambda=0,0.04855646824972918,0.04855647824972903,0.649516221190312,0.6495163549554385,0.02620142103836566,0.02620143103836551,0.07475789928809469,FULL_QUALIFIED_REFERENCE
2020-02-16,0.09883367923407085,0.2092623230549436,0.043822002792509515,0.0,0.06251394949302694,911_OPCD_L24_S00356|LWIN_ZERO@lambda=24,0.06472973339996528,0.06472974339996501,0.654935988436329,0.6549360896164106,-0.002215793906938074,-0.002215783906938343,0.09883367923407085,FULL_QUALIFIED_REFERENCE
2020-03-01,0.1678485000277347,0.36928706765635877,0.03842695141945929,0.0,0.14433299022236915,911_OPCD_L06_S00329|LWIN_ZERO@lambda=6,0.02137890906357895,0.05078929099041424,0.12737027176320537,0.302590079637423,0.09354369923195491,0.1229540811587902,0.1678485000277347,FULL_QUALIFIED_REFERENCE
2020-03-08,0.0608980814418881,0.15904967753778346,0.022614841493848008,0.0,0.03583206264120364,911_OPCD_L36_S00299|LWIN_ZERO@lambda=36,0.04062749243237936,0.04062750243237933,0.6671391194999811,0.6671392837087661,-0.004795439791175693,-0.004795429791175726,0.0608980814418881,FULL_QUALIFIED_REFERENCE
2020-03-15,0.06401023219205036,0.13266936007908034,0.04396480687562925,0.0,0.06401023219205036,911_OPCD_L00_S00001|LWIN_ZERO@lambda=0,0.04287606743820533,0.04287607743820529,0.6698314624068845,0.6698316186319069,0.021134154753845072,0.021134164753845032,0.06401023219205036,FULL_QUALIFIED_REFERENCE
2020-03-22,0.09190361767454279,0.18129781499338632,0.030449467087521605,0.0,0.059342005875057564,911_OPCD_L36_S00249|LWIN_ZERO@lambda=36,0.04024636304147452,0.04024637304147416,0.4379192469223409,0.4379193557319819,0.019095632833583405,0.019095642833583046,0.09190361767454279,FULL_QUALIFIED_REFERENCE
2020-03-29,0.0473284590122146,0.08012970913493622,0.024217414189473766,0.0,0.04403606451020246,911_OPCD_L06_S00335|LWIN_ZERO@lambda=6,0.021599980791116413,0.021599990791116457,0.45638462020370996,0.4563848314930748,0.022436073719086007,0.02243608371908605,0.0473284590122146,FULL_QUALIFIED_REFERENCE
2020-04-05,0.05551453177761253,0.11265748313947288,0.06318318416982924,0.0,0.04591317967832941,911_OPCD_L00_S00628|LWIN_ZERO@lambda=0,0.02925122490647694,0.029620362886119148,0.5269111342531966,0.5335605279852909,0.016292816792210264,0.01666195477185247,0.05551453177761253,FULL_QUALIFIED_REFERENCE
2020-04-19,0.06781891247910665,0.1607079211232522,0.041461174425600315,0.0,0.05475460103632049,911_OPCD_L36_S00249|LWIN_ZERO@lambda=36,0.04501379988788824,0.04501380988788836,0.6637352066321602,0.6637353540836565,0.009740791148432126,0.009740801148432246,0.06781891247910665,FULL_QUALIFIED_REFERENCE
2020-04-26,0.09885139985642497,0.18235494355480103,0.047354278393425875,0.0,0.07467696445110199,911_OPCD_L36_S00249|LWIN_ZERO@lambda=36,0.05224754099300182,0.05224755099300187,0.5285462934150439,0.5285463945769907,0.022429413458100116,0.022429423458100166,0.09885139985642497,FULL_QUALIFIED_REFERENCE
2020-05-03,0.07466590440973742,0.16806482074565476,0.04501937019888189,0.0,0.07167794203561047,911_OPCD_L48_S00301|LWIN_ZERO@lambda=48,0.03332583755128766,0.033325847551287646,0.4463327380112941,0.4463328719412326,0.03835209448432282,0.03835210448432281,0.07466590440973742,FULL_QUALIFIED_REFERENCE
2020-05-10,0.11576234083176772,0.25984312860971404,0.04314450689183632,0.0,0.0943209752246057,911_OPCD_L06_S00314|LWIN_ZERO@lambda=6,0.031247498108721572,0.06250842040889144,0.2699280084024232,0.5399719801773201,0.03181255481571425,0.06307347711588412,0.11576234083176772,FULL_QUALIFIED_REFERENCE
2020-05-17,0.052463155780705734,0.09528440498459105,0.04693201874520263,0.0,0.05002610693400167,911_OPCD_L00_S00114|LWIN_ZERO@lambda=0,0.03598260068008132,0.03598261068008136,0.685864205929346,0.6858643965393063,0.014043496253920311,0.014043506253920347,0.052463155780705734,FULL_QUALIFIED_REFERENCE
2020-05-31,0.09052705659378177,0.21587767017214696,0.05914422940414392,0.0,0.08936547254961577,911_OPCD_L00_S00564|LWIN_ZERO@lambda=0,0.07250954505433808,0.07250955505433801,0.8009709779884604,0.8009710884526718,0.01685591749527776,0.016855927495277687,0.09052705659378177,FULL_QUALIFIED_REFERENCE
2020-06-07,0.12220923043707853,0.18252622246056413,0.048463186480125195,0.0,0.06397456560846283,911_OPCD_L36_S00249|LWIN_ZERO@lambda=36,0.07263711011524579,0.07263712011524551,0.5943668072817481,0.5943668891086255,-0.008662554506782674,-0.008662544506782957,0.12220923043707853,FULL_QUALIFIED_REFERENCE
2020-06-14,0.13478974516635925,0.21259948675997203,0.04941196711472031,0.0,0.11069808517518487,911_OPCD_L48_S00301|LWIN_ZERO@lambda=48,0.09093290334060797,0.09093291334060814,0.6746277562019084,0.6746278303915298,0.019765171834576725,0.0197651818345769,0.13478974516635925,FULL_QUALIFIED_REFERENCE
2020-06-21,0.06778950159651913,0.1456689317401759,0.024585984190733583,0.0,0.06762882360352915,911_OPCD_L36_S00249|LWIN_ZERO@lambda=36,0.04476046089905428,0.04733746564595105,0.6602860302096195,0.6983008361339206,0.020291357957578096,0.02286836270447487,0.06778950159651913,FULL_QUALIFIED_REFERENCE
2020-06-28,0.117908596033596,0.2036787755908349,0.030217957461984295,0.0,0.06285929126915918,911_OPCD_L60_S00222|LWIN_ZERO@lambda=60,0.060205936008229766,0.06020594600822965,0.5106153243574805,0.510615409168938,0.0026533452609295294,0.002653355260929413,0.117908596033596,FULL_QUALIFIED_REFERENCE
2020-07-05,0.1000544463672079,0.184055909573499,0.0494740964150031,0.0,0.1000544463672079,911_OPCD_L00_S00001|LWIN_ZERO@lambda=0,0.025782856006505418,0.07923109559269792,0.25768825816975943,0.7918798061398831,0.020823350774509974,0.07427159036070248,0.1000544463672079,FULL_QUALIFIED_REFERENCE
2020-07-12,0.16297873019864725,0.24899577799527498,0.05940559193746872,0.0,0.1015412862427788,911_OPCD_L06_S00295|LWIN_ZERO@lambda=6,0.023906589044838132,0.06158823598604107,0.1466853313662433,0.37789124943465946,0.03995305025673773,0.07763469719794067,0.16297873019864725,FULL_QUALIFIED_REFERENCE
2020-07-19,0.0725305893644994,0.1435540744559,0.050459524570095234,0.0,0.06157056890993736,911_OPCD_L72_S00261|LWIN_ZERO@lambda=72,0.06157055890993774,0.061570568909937715,0.848890922428846,0.8488910603017085,-3.5388358909926865e-16,9.99999962003617e-09,0.0725305893644994,FULL_QUALIFIED_REFERENCE
2020-07-26,0.0867013145584574,0.16538609893642126,0.05300060577997551,0.0,0.05746144056522813,911_OPCD_L00_S00001|LWIN_ZERO@lambda=0,0.03730328223864469,0.04193675282855955,0.4302504803833552,0.4836922374491122,0.015524687736668583,0.020158158326583443,0.0867013145584574,FULL_QUALIFIED_REFERENCE
2020-08-02,0.08304336725389357,0.1904004671972995,0.044453480141710924,0.0,0.07164187436303902,911_OPCD_L00_S00592|LWIN_ZERO@lambda=0,0.05005981483511872,0.05005982483511862,0.6028153299958054,0.6028154504148134,0.0215820495279204,0.021582059527920305,0.08304336725389357,FULL_QUALIFIED_REFERENCE
2020-08-09,0.10518263396766928,0.19975782018476876,0.0409869547882252,0.0,0.09510847744256468,911_OPCD_L60_S00222|LWIN_ZERO@lambda=60,0.0951084674425652,0.09510847744256512,0.9042221501298338,0.9042222452025614,-4.440892098500626e-16,9.999999481258293e-09,0.10518263396766928,FULL_QUALIFIED_REFERENCE
2020-08-16,0.0769415735029118,0.14131594903793304,0.06186292155280455,0.0,0.05184306781599713,911_OPCD_L12_S00211|LWIN_ZERO@lambda=12,0.027431028526321944,0.029193344726079998,0.3565176442002949,0.37942224725850193,0.022649723089917133,0.024412039289675187,0.0769415735029118,FULL_QUALIFIED_REFERENCE
2020-08-30,0.12133895702101928,0.22002884084424845,0.04560694496178306,0.0,0.07287117146968336,911_OPCD_L00_S00001|LWIN_ZERO@lambda=0,0.05233549996401952,0.05243428099238641,0.4313165470422954,0.4321306386645744,0.02043689047729695,0.020535671505663843,0.12133895702101928,FULL_QUALIFIED_REFERENCE
2020-09-13,0.08411729929662867,0.16923840255426323,0.053303636220709806,0.0,0.06650692385962131,911_OPCD_L36_S00249|LWIN_ZERO@lambda=36,0.062459369579835916,0.062459379579836063,0.74252704380797,0.7425271626895821,0.004047544279785251,0.004047554279785398,0.08411729929662867,FULL_QUALIFIED_REFERENCE
2020-09-20,0.0836603820156452,0.22745536493282273,0.049488098849950216,0.0,0.0824086663099361,911_OPCD_L18_S00320|LWIN_ZERO@lambda=18,0.06489489719051635,0.06489490719051633,0.7756944879642129,0.7756946074951035,0.01751375911941977,0.01751376911941975,0.0836603820156452,FULL_QUALIFIED_REFERENCE
2020-09-27,0.10923011092699163,0.2542529621252913,0.050057193027527896,0.0,0.06241564581990124,911_OPCD_L00_S00650|LWIN_ZERO@lambda=0,0.04971566131604132,0.049715671316041356,0.45514612128583115,0.45514621283567896,0.012699974503859887,0.012699984503859924,0.10923011092699163,FULL_QUALIFIED_REFERENCE
2020-10-04,0.11376638468743733,0.23514005259108464,0.04226075007978771,0.0,0.06319283376986398,911_OPCD_L00_S00656|LWIN_ZERO@lambda=0,0.04200795969197283,0.04200796969197274,0.369247557680468,0.36924764557989403,0.02118486407789124,0.02118487407789115,0.11376638468743733,FULL_QUALIFIED_REFERENCE
2020-10-11,0.07897174497203259,0.14132582365169957,0.06226176266427832,0.0,0.04105149904666826,911_OPCD_L36_S00217|LWIN_ZERO@lambda=36,0.03755967142221198,0.037559681422211944,0.4756089843970592,0.47560911102462655,0.0034918176244563143,0.0034918276244562743,0.07897174497203259,FULL_QUALIFIED_REFERENCE
2020-10-18,0.09293797906539018,0.19281181892895455,0.03609982940778961,0.0,0.07360739573514022,911_OPCD_L48_S00309|LWIN_ZERO@lambda=48,0.05588884663610432,0.05588885663610426,0.601356379793685,0.6013564873923227,0.01771853909903596,0.017718549099035898,0.09293797906539018,FULL_QUALIFIED_REFERENCE
2020-11-01,0.17085693034039942,0.27431406559328453,0.05562416597748621,0.0,0.11564662878138945,911_OPCD_L48_S00300|LWIN_ZERO@lambda=48,0.08575057759448693,0.08575058759448703,0.5018852757312534,0.501885334259755,0.029896041186902422,0.029896051186902528,0.17085693034039942,FULL_QUALIFIED_REFERENCE
2020-11-08,0.05773227952718091,0.11679660788094064,0.06643001644902284,0.0,0.05287714405145835,911_OPCD_L00_S00592|LWIN_ZERO@lambda=0,0.021837304294556763,0.022893564213453295,0.3782512049307797,0.39654703401542957,0.029983579838005057,0.03103983975690159,0.05773227952718091,FULL_QUALIFIED_REFERENCE
2020-11-15,0.054960356494883345,0.09117828742017164,0.0733786759220223,0.0,0.05073953488758856,911_OPCD_L60_S00222|LWIN_ZERO@lambda=60,0.04361335479041498,0.04361336479041494,0.7935420650787675,0.793542247028096,0.007126170097173624,0.0071261800971735845,0.054960356494883345,FULL_QUALIFIED_REFERENCE
2020-11-29,0.10741342239583695,0.17799253696487338,0.06883161045621838,0.0,0.07974984682920783,911_OPCD_L48_S00300|LWIN_ZERO@lambda=48,0.06094555552009382,0.06094556552009361,0.5673923627114212,0.5673924558096539,0.01880428130911422,0.018804291309114006,0.10741342239583695,FULL_QUALIFIED_REFERENCE
2020-12-06,0.11419545115820186,0.2173734699621803,0.0513494601194197,0.0,0.11419545115820186,911_OPCD_L00_S00001|LWIN_ZERO@lambda=0,0.06172729481617192,0.061727304816171766,0.5405407500046334,0.5405408375737945,0.05246814634203009,0.05246815634202994,0.11419545115820186,FULL_QUALIFIED_REFERENCE
2020-12-13,0.07351950696191531,0.13139371875172418,0.05813386383607855,0.0,0.04090715584968459,911_OPCD_L00_S00245|LWIN_ZERO@lambda=0,0.03678129964225379,0.03678130964225376,0.5002930672713474,0.5002932032896694,0.004125846207430825,0.004125856207430799,0.07351950696191531,FULL_QUALIFIED_REFERENCE
2021-01-03,0.13479978111557062,0.2504208238041427,0.0574294667883104,0.0,0.13479978111557062,911_OPCD_L00_S00001|LWIN_ZERO@lambda=0,0.052314193701774404,0.08650103894778999,0.3880881205357657,0.6417001439611264,0.04829874216778063,0.08248558741379622,0.13479978111557062,FULL_QUALIFIED_REFERENCE
2021-01-10,0.10465157809573836,0.19272192100597457,0.022713160853081713,0.0,0.10465157809573836,911_OPCD_L00_S00001|LWIN_ZERO@lambda=0,0.020107581121749908,0.061843015525597435,0.19213834600138469,0.5909420254420016,0.04280856257014092,0.08454399697398846,0.10465157809573836,FULL_QUALIFIED_REFERENCE
2021-01-24,0.08982993932191793,0.21449123972668166,0.06489040120313544,0.0,0.07707483815974386,911_OPCD_L00_S00001|LWIN_ZERO@lambda=0,0.07072839384466545,0.07072840384466551,0.7873588068583741,0.7873589181798348,0.00634643431507835,0.0063464443150784144,0.08982993932191793,FULL_QUALIFIED_REFERENCE
2021-01-31,0.1855631741995378,0.2980376335735359,0.05696831260778297,0.0,0.14743790337580331,911_OPCD_L60_S00222|LWIN_ZERO@lambda=60,0.12140198907358085,0.12140199907358126,0.6542353546023963,0.6542354084924015,0.02603590430222205,0.026035914302222463,0.1855631741995378,FULL_QUALIFIED_REFERENCE
2021-02-07,0.12191420554338409,0.24675125780473522,0.08092716034521492,0.0,0.11477922485039264,911_OPCD_L36_S00249|LWIN_ZERO@lambda=36,0.0584077025856543,0.058407712585654276,0.47908857155181545,0.479088653576711,0.05637151226473837,0.05637152226473834,0.12191420554338409,FULL_QUALIFIED_REFERENCE
2021-02-21,0.06939061977049403,0.1406129432466214,0.055654741050715203,0.0,0.058443640993390784,911_OPCD_L60_S00222|LWIN_ZERO@lambda=60,0.05844363099339129,0.05844364099339121,0.8422410865717966,0.8422412306834929,-4.2327252813834093e-16,9.99999949513608e-09,0.06939061977049403,FULL_QUALIFIED_REFERENCE
2021-02-28,0.0703937475267115,0.12646597597839415,0.044254272117519845,0.0,0.035334991844353444,911_OPCD_L12_S00302|LWIN_ZERO@lambda=12,0.02922650233742667,0.029226512337426618,0.41518605507309336,0.41518619713116384,0.006108479506926827,0.006108489506926773,0.0703937475267115,FULL_QUALIFIED_REFERENCE
2021-03-07,0.07311037045550317,0.16288725883127125,0.06839759235931536,0.0,0.0717196521864041,911_OPCD_L00_S00564|LWIN_ZERO@lambda=0,0.031817859636574505,0.0483617506733183,0.4352030968840414,0.661489613197248,0.023357901513085796,0.03990179254982959,0.07311037045550317,FULL_QUALIFIED_REFERENCE
2021-03-14,0.06438532803800397,0.15366219381904733,0.03365189590988793,0.0,0.06374577292898341,911_OPCD_L72_S00261|LWIN_ZERO@lambda=72,0.05882562249979658,0.05882563249979656,0.9136494958148582,0.9136496511297457,0.004920140429186849,0.00492015042918683,0.06438532803800397,FULL_QUALIFIED_REFERENCE
2021-03-21,0.08378131699119352,0.1600309072640049,0.04845806580198731,0.0,0.07153543259643735,911_OPCD_L72_S00261|LWIN_ZERO@lambda=72,0.05546450154313417,0.05546451154313401,0.6620151548699598,0.6620152742283107,0.016070921053303343,0.016070931053303185,0.08378131699119352,FULL_QUALIFIED_REFERENCE
2021-03-28,0.0748482360551326,0.16801031029926702,0.04114991624046144,0.0,0.0748482360551326,911_OPCD_L00_S00001|LWIN_ZERO@lambda=0,0.036532755354376896,0.03653276535437663,0.48809106640091243,0.4880912000045918,0.03831547070075598,0.03831548070075571,0.0748482360551326,FULL_QUALIFIED_REFERENCE
2021-04-11,0.08903379055461037,0.13200550460389887,0.025915299805091104,0.0,0.04072840372742623,911_OPCD_L00_S00549|LWIN_ZERO@lambda=0,0.028108823291080047,0.028108833291079882,0.3157096099804829,0.31570972229738836,0.012619570436346345,0.01261958043634618,0.08903379055461037,FULL_QUALIFIED_REFERENCE
2021-04-18,0.05978065883887801,0.12581268236288615,0.035000879125051065,0.0,0.05834478290651242,911_OPCD_L00_S00575|LWIN_ZERO@lambda=0,0.03135172445266755,0.035041481110419714,0.5244459506069902,0.586167529616296,0.023303301796092704,0.026993058453844872,0.05978065883887801,FULL_QUALIFIED_REFERENCE
2021-04-25,0.06479304621597111,0.14313057523744532,0.03875586142914305,0.0,0.049035246249625346,911_OPCD_L06_S00304|LWIN_ZERO@lambda=6,0.031715506712142585,0.037923604986891075,0.4894893598060975,0.5853036274985807,0.01111164126273427,0.01731973953748276,0.06479304621597111,FULL_QUALIFIED_REFERENCE
2021-05-02,0.07196865772562983,0.14508984659872237,0.047037523388089225,0.0,0.07196865772562983,911_OPCD_L00_S00001|LWIN_ZERO@lambda=0,0.04097418090878689,0.05007811842762418,0.5693336822397754,0.6958323249342765,0.02189053929800565,0.030994476816842934,0.07196865772562983,FULL_QUALIFIED_REFERENCE
2021-05-09,0.04456064633632101,0.09782783604079608,0.04222319448770418,0.0,0.04214558536604078,911_OPCD_L18_S00326|LWIN_ZERO@lambda=18,0.033114870794925914,0.03311488079492592,0.7431416174934218,0.743141841906684,0.009030704571114857,0.009030714571114866,0.04456064633632101,FULL_QUALIFIED_REFERENCE
2021-05-16,0.03855591123489129,0.07969168711585152,0.062352197006928074,0.0,0.03484868393806338,911_OPCD_L48_S00318|LWIN_ZERO@lambda=48,0.028047221074182914,0.028260376008023225,0.7274428272052222,0.7329712903387149,0.006588307930040158,0.006801462863880468,0.03855591123489129,FULL_QUALIFIED_REFERENCE
2021-05-23,0.0723704687844032,0.12597755934273638,0.04434892093163179,0.0,0.055589237286471985,911_OPCD_L36_S00249|LWIN_ZERO@lambda=36,0.04980338166543106,0.04980339166543082,0.6881727105264288,0.6881728487043338,0.005785845621041168,0.0057858556210409265,0.0723704687844032,FULL_QUALIFIED_REFERENCE
2021-05-30,0.0700405154556397,0.1289788553253861,0.0612782535462322,0.0,0.04872175677124591,911_OPCD_L36_S00333|LWIN_ZERO@lambda=36,0.0593811261134427,0.05938113611344277,0.8478110951518032,0.8478112379263103,-0.010659379342196858,-0.010659369342196787,0.0700405154556397,FULL_QUALIFIED_REFERENCE
2021-06-06,0.07379970456893534,0.14838933358528958,0.06696814359135542,0.0,0.055749937036218014,911_OPCD_L60_S00265|LWIN_ZERO@lambda=60,0.04624319531630409,0.04624320531630393,0.6266040709297004,0.6266042064315956,0.009506731719914084,0.009506741719913926,0.07379970456893534,FULL_QUALIFIED_REFERENCE
2021-06-13,0.06467100148954988,0.13240212698196552,0.02426093469421114,0.0,0.053540507176067634,911_OPCD_L00_S00001|LWIN_ZERO@lambda=0,0.030100710112439952,0.030100720112439767,0.4654436983986385,0.46544385302744556,0.023439787063627867,0.02343979706362768,0.06467100148954988,FULL_QUALIFIED_REFERENCE
2021-06-20,0.08976467171998424,0.1721106643126048,0.03351138860505578,0.0,0.05970199260442734,911_OPCD_L48_S00300|LWIN_ZERO@lambda=48,0.05970198260442785,0.05970199260442763,0.6650944236800059,0.665094535082405,-2.914335439641036e-16,9.999999488197187e-09,0.08976467171998424,FULL_QUALIFIED_REFERENCE
2021-06-27,0.05774598784383407,0.12782879784573434,0.04979086718017533,0.0,0.05235865888620306,911_OPCD_L36_S00346|LWIN_ZERO@lambda=36,0.05141649393493924,0.051416503934939246,0.8903907588175293,0.8903909319897336,0.0009421549512638114,0.00094216495126382,0.05774598784383407,FULL_QUALIFIED_REFERENCE
2021-07-11,0.11680694409118503,0.19090446089504026,0.04051119645122024,0.0,0.08148403643381645,911_OPCD_L36_S00345|LWIN_ZERO@lambda=36,0.07146683697616392,0.07146684697616316,0.6118372287898699,0.611837314401212,0.010017189457653286,0.010017199457652531,0.11680694409118503,FULL_QUALIFIED_REFERENCE|STAGE_ERA_MATCHED_REFERENCE|SAME_SEASON_STAGE_REFERENCE
2021-07-18,0.06650272163228436,0.13564205069442092,0.04067866075387432,0.0,0.06256707897332328,911_OPCD_L72_S00261|LWIN_ZERO@lambda=72,0.0625670689733238,0.06256707897332375,0.9408196753101009,0.9408198256798859,-4.718447854656915e-16,9.999999481258293e-09,0.06650272163228436,FULL_QUALIFIED_REFERENCE|STAGE_ERA_MATCHED_REFERENCE|SAME_SEASON_STAGE_REFERENCE
2021-07-25,0.14635656227453103,0.25735929813006414,0.15756291347508292,0.046813327500888166,0.0745409568137729,911_OPCD_L72_S00261|LWIN_ZERO@lambda=72,0.06132888021810761,0.061328890218107154,0.41903744707441837,0.41903751540069895,0.013212066595665747,0.013212076595665291,0.14635656227453103,FULL_QUALIFIED_REFERENCE|STAGE_ERA_MATCHED_REFERENCE|SAME_SEASON_STAGE_REFERENCE
2021-08-01,0.20571914736674463,0.3400639517676685,0.09908090788082118,0.05480191426983009,0.20571914736674463,911_OPCD_L00_S00001|LWIN_ZERO@lambda=0,0.04807731191243296,0.08008104256284773,0.23370363200428498,0.3892736460747804,0.1256381048038969,0.15764183545431165,0.20571914736674463,FULL_QUALIFIED_REFERENCE|STAGE_ERA_MATCHED_REFERENCE|SAME_SEASON_STAGE_REFERENCE
2021-08-08,0.08350593278538866,0.14074144202362504,0.09173317741704644,0.02379066982748154,0.07308440789204587,911_OPCD_L18_S00311|LWIN_ZERO@lambda=18,0.023856984470572076,0.06361353548615443,0.28569209006843665,0.7617846225326534,0.009470872405891437,0.04922742342147379,0.08350593278538866,FULL_QUALIFIED_REFERENCE|STAGE_ERA_MATCHED_REFERENCE|SAME_SEASON_STAGE_REFERENCE
2021-08-15,0.07577031347523151,0.1782089038625652,0.08829433203281079,0.06168266119071929,0.07179497866449444,911_OPCD_L00_S00001|LWIN_ZERO@lambda=0,0.04410000820017836,0.0441000182001783,0.5820222482594608,0.5820223802372695,0.02769496046431614,0.027694970464316078,0.07577031347523151,FULL_QUALIFIED_REFERENCE|STAGE_ERA_MATCHED_REFERENCE|SAME_SEASON_STAGE_REFERENCE
2021-08-22,0.1345529032869186,0.23165859554612822,0.11763689797920399,0.06228396414226677,0.12872013002731963,911_OPCD_L00_S00584|LWIN_ZERO@lambda=0,0.06666005731366226,0.06666006731366211,0.49541894440967466,0.49541901872988336,0.06206006271365752,0.06206007271365738,0.1345529032869186,FULL_QUALIFIED_REFERENCE|STAGE_ERA_MATCHED_REFERENCE|SAME_SEASON_STAGE_REFERENCE
2021-09-12,0.13947981137636312,0.2861106390679411,0.0887347116417152,0.06251785676740401,0.13947981137636312,911_OPCD_L00_S00001|LWIN_ZERO@lambda=0,0.04141078320611626,0.042482108397435055,0.2968944594739674,0.3045753215338393,0.09699770297892807,0.09806902817024685,0.13947981137636312,FULL_QUALIFIED_REFERENCE|STAGE_ERA_MATCHED_REFERENCE|SAME_SEASON_STAGE_REFERENCE
2021-09-19,0.11807327326535011,0.16743715142290888,0.08921675772457206,0.054967258637167504,0.054769036200776514,911_OPCD_L60_S00240|LWIN_ZERO@lambda=60,0.049421095354654734,0.04942110535465465,0.418562931202805,0.418563015895976,0.005347930846121861,0.005347940846121779,0.11807327326535011,FULL_QUALIFIED_REFERENCE|STAGE_ERA_MATCHED_REFERENCE|SAME_SEASON_STAGE_REFERENCE
2021-09-26,0.104031465093412,0.18811379344664875,0.06828717314827107,0.04325407631414812,0.07721225743953017,911_OPCD_L36_S00265|LWIN_ZERO@lambda=36,0.07327607604450115,0.07327608604450093,0.7043645495014902,0.7043646456262519,0.003936171395029234,0.00393618139502902,0.104031465093412,FULL_QUALIFIED_REFERENCE|STAGE_ERA_MATCHED_REFERENCE|SAME_SEASON_STAGE_REFERENCE
2021-10-03,0.12480663982764821,0.19138738501236124,0.0887906198361588,0.04797098376535402,0.08883391218777437,911_OPCD_L06_S00314|LWIN_ZERO@lambda=6,0.036832464791192225,0.04449079630088845,0.295116228127414,0.35647779927676954,0.044343115886885914,0.05200144739658214,0.12480663982764821,FULL_QUALIFIED_REFERENCE|STAGE_ERA_MATCHED_REFERENCE|SAME_SEASON_STAGE_REFERENCE
2021-10-10,0.12748436229859172,0.18979866993435363,0.08348904407889216,0.04798944303669754,0.07204624060465006,911_OPCD_L00_S00104|LWIN_ZERO@lambda=0,0.05390389559889993,0.0539039055988997,0.4228275109746177,0.42282758941560916,0.01814233500575036,0.018142345005750134,0.12748436229859172,FULL_QUALIFIED_REFERENCE|STAGE_ERA_MATCHED_REFERENCE|SAME_SEASON_STAGE_REFERENCE
2021-10-17,0.0960881531269881,0.17601437070563844,0.06661873335847225,0.049654111149469056,0.06882489491185155,911_OPCD_L00_S00001|LWIN_ZERO@lambda=0,0.03869825437629865,0.042026840036497204,0.4027369984430427,0.43737795627058634,0.026798054875354346,0.030126640535552897,0.0960881531269881,FULL_QUALIFIED_REFERENCE|STAGE_ERA_MATCHED_REFERENCE|SAME_SEASON_STAGE_REFERENCE
2021-10-24,0.10364878177378177,0.17063877387255186,0.1522837234615247,0.03760558200252072,0.08570969854287869,911_OPCD_L00_S00605|LWIN_ZERO@lambda=0,0.044927926386287155,0.05393523097682105,0.43346313982101997,0.5203653149974996,0.03177446756605764,0.04078177215659153,0.10364878177378177,FULL_QUALIFIED_REFERENCE|STAGE_ERA_MATCHED_REFERENCE|SAME_SEASON_STAGE_REFERENCE
2021-10-31,0.08686861909664215,0.15086749041133618,0.10711092327919747,0.04456880061258005,0.08686861909664215,911_OPCD_L00_S00001|LWIN_ZERO@lambda=0,0.04522401366894372,0.04522402366894368,0.5206024239735132,0.5206025390898816,0.041644595427698466,0.041644605427698426,0.08686861909664215,FULL_QUALIFIED_REFERENCE|STAGE_ERA_MATCHED_REFERENCE|SAME_SEASON_STAGE_REFERENCE
2021-11-07,0.08121401130986652,0.15373850072082723,0.10575088896162957,0.03843586565635228,0.08121401130986652,911_OPCD_L00_S00001|LWIN_ZERO@lambda=0,0.043957418267478184,0.04395742826747814,0.5412541205453041,0.5412542436767661,0.03725658304238839,0.03725659304238834,0.08121401130986652,FULL_QUALIFIED_REFERENCE|STAGE_ERA_MATCHED_REFERENCE|SAME_SEASON_STAGE_REFERENCE
2021-11-14,0.15377530765856973,0.2470844310903142,0.06501884310006481,0.024372643477709892,0.15377530765856973,911_OPCD_L00_S00001|LWIN_ZERO@lambda=0,0.03535302210938903,0.03535303210938863,0.22990051294765754,0.22990057797760124,0.1184222755491811,0.11842228554918069,0.15377530765856973,FULL_QUALIFIED_REFERENCE|STAGE_ERA_MATCHED_REFERENCE|SAME_SEASON_STAGE_REFERENCE
2021-11-28,0.10027754231529196,0.1996075995376222,0.12049392399666718,0.049799796883994385,0.07796543806923267,911_OPCD_L36_S00344|LWIN_ZERO@lambda=36,0.07181596038133972,0.07181597038133965,0.7161719236749587,0.7161720233981839,0.006149467687893026,0.006149477687892951,0.10027754231529196,FULL_QUALIFIED_REFERENCE|STAGE_ERA_MATCHED_REFERENCE|SAME_SEASON_STAGE_REFERENCE
2021-12-05,0.07433895305796133,0.17036487925945532,0.0888383761871256,0.05177195360663277,0.07003465574357956,911_OPCD_L60_S00222|LWIN_ZERO@lambda=60,0.053791055594547284,0.05379106559454733,0.7235917830670408,0.7235919175860195,0.016243590149032233,0.016243600149032277,0.07433895305796133,FULL_QUALIFIED_REFERENCE|STAGE_ERA_MATCHED_REFERENCE
2021-12-12,0.10065766287592874,0.16938494666366447,0.11719420299976677,0.067805293152593,0.06460860094812361,911_OPCD_L12_S00324|LWIN_ZERO@lambda=12,0.029040902275113353,0.056070956490434254,0.28851158913662983,0.5570460796367551,0.008537644457689356,0.03556769867301025,0.10065766287592874,FULL_QUALIFIED_REFERENCE|STAGE_ERA_MATCHED_REFERENCE
2021-12-19,0.18326228778511028,0.33530162429542554,0.07418903236831606,0.049396084806466255,0.11446324460902813,911_OPCD_L48_S00363|LWIN_ZERO@lambda=48,0.07961390468682349,0.07961391468682326,0.43442601120519225,0.43442606577179127,0.034849329922204866,0.03484933992220464,0.18326228778511028,FULL_QUALIFIED_REFERENCE|STAGE_ERA_MATCHED_REFERENCE
2021-12-26,0.12875597684757994,0.22527257777564144,0.14647191548244598,0.03108499840108508,0.12875597684757994,911_OPCD_L00_S00001|LWIN_ZERO@lambda=0,0.07220259334331766,0.0722026033433177,0.5607708093333048,0.5607708869996025,0.05655337350426225,0.05655338350426228,0.12875597684757994,FULL_QUALIFIED_REFERENCE|STAGE_ERA_MATCHED_REFERENCE
2022-01-02,0.1919637436030879,0.38368177137331727,0.06062131218061161,0.03048612201438458,0.1919637436030879,911_OPCD_L00_S00001|LWIN_ZERO@lambda=0,0.04524529627115822,0.0636097035941829,0.23569709270053227,0.33136311263914986,0.128354040008905,0.14671844733192968,0.1919637436030879,FULL_QUALIFIED_REFERENCE|STAGE_ERA_MATCHED_REFERENCE
2022-01-09,0.08305825584671739,0.16134334448149792,0.1423604707769761,0.04128496258843211,0.06887434538977191,911_OPCD_L00_S00605|LWIN_ZERO@lambda=0,0.05541312153812397,0.055413131538124015,0.6671597058381283,0.6671598262355523,0.013461213851647898,0.013461223851647941,0.08305825584671739,FULL_QUALIFIED_REFERENCE|STAGE_ERA_MATCHED_REFERENCE
2022-01-23,0.09242325350263672,0.2115696046150394,0.12204753547782428,0.042841724829379375,0.08326197279935024,911_OPCD_L60_S00240|LWIN_ZERO@lambda=60,0.05039858493256088,0.07326594345825116,0.5453019994705453,0.7927219685699657,0.009996029341099083,0.03286338786678936,0.09242325350263672,FULL_QUALIFIED_REFERENCE|STAGE_ERA_MATCHED_REFERENCE
2022-01-30,0.10128799745576061,0.1764005590088884,0.12022909179153198,0.05025850720588178,0.06315071542932635,911_OPCD_L48_S00346|LWIN_ZERO@lambda=48,0.058754187834205114,0.058754197834205005,0.5800705839787886,0.5800706827071684,0.004396517595121344,0.004396527595121234,0.10128799745576061,FULL_QUALIFIED_REFERENCE|STAGE_ERA_MATCHED_REFERENCE
2022-02-06,0.10217011496219582,0.20082331519149638,0.10294043362745572,0.03594889477768943,0.10077955787823456,911_OPCD_L60_S00222|LWIN_ZERO@lambda=60,0.058826808822433276,0.05882681882243304,0.5757731489702239,0.5757732468462003,0.04195273905580152,0.041952749055801285,0.10217011496219582,FULL_QUALIFIED_REFERENCE|STAGE_ERA_MATCHED_REFERENCE
2022-02-13,0.1202528735632184,0.2181427592342245,0.1666195757507548,0.043878039943475174,0.1202528735632184,911_OPCD_L00_S00001|LWIN_ZERO@lambda=0,0.04490553140663201,0.05910040320102154,0.37342584901328474,0.4914677001040789,0.061152470362196856,0.0753473421565864,0.1202528735632184,FULL_QUALIFIED_REFERENCE|STAGE_ERA_MATCHED_REFERENCE
2022-02-20,0.11400947449529931,0.21262702389672175,0.05787715860703118,0.04165646088869339,0.11396379306915198,911_OPCD_L72_S00261|LWIN_ZERO@lambda=72,0.066868282484709,0.06686829248470828,0.5865151364018086,0.5865152241138109,0.0470955005844437,0.04709551058444299,0.11400947449529931,FULL_QUALIFIED_REFERENCE|STAGE_ERA_MATCHED_REFERENCE
2022-02-27,0.1325614761848474,0.26460132053337054,0.11659724525747674,0.054728135947091174,0.1325614761848474,911_OPCD_L00_S00001|LWIN_ZERO@lambda=0,0.06583710117031807,0.06583711117031736,0.49665334956373747,0.49665342500042975,0.06672436501453004,0.06672437501452932,0.1325614761848474,FULL_QUALIFIED_REFERENCE|STAGE_ERA_MATCHED_REFERENCE
2022-03-06,0.19316391577532233,0.40961520467382073,0.1257654376947962,0.08939804028581193,0.16826741916960103,911_OPCD_L18_S00328|LWIN_ZERO@lambda=18,0.05271212564033816,0.059023789592503526,0.27288805690629103,0.3055632277674302,0.1092436295770975,0.11555529352926286,0.19316391577532233,FULL_QUALIFIED_REFERENCE|STAGE_ERA_MATCHED_REFERENCE
2022-03-13,0.08938957217645746,0.19717969621728912,0.11026153041837702,0.05839893015035816,0.08938957217645746,911_OPCD_L00_S00001|LWIN_ZERO@lambda=0,0.042273126835444534,0.06907410678402412,0.4729089289296097,0.7727311486363302,0.02031546539243334,0.047116445341012926,0.08938957217645746,FULL_QUALIFIED_REFERENCE|STAGE_ERA_MATCHED_REFERENCE
2022-03-20,0.10154655801714624,0.17023372004032034,0.1300062332664525,0.0655214341800565,0.0789423163313772,911_OPCD_L48_S00342|LWIN_ZERO@lambda=48,0.05337374182181204,0.05337375182181189,0.5256085766373275,0.5256086751143223,0.02556856450956531,0.025568574509565165,0.10154655801714624,FULL_QUALIFIED_REFERENCE|STAGE_ERA_MATCHED_REFERENCE
2022-03-27,0.08170323285296545,0.1653063672846491,0.14631240044058177,0.05402780582165621,0.06878950197437714,911_OPCD_L60_S00222|LWIN_ZERO@lambda=60,0.05993027267463339,0.06109600141220458,0.733511644300354,0.7477794853253115,0.0076935005621725575,0.008859229299743747,0.08170323285296545,FULL_QUALIFIED_REFERENCE|STAGE_ERA_MATCHED_REFERENCE
2022-04-03,0.1330660209825554,0.20639127519379924,0.1034690558617781,0.027408239889707118,0.1330660209825554,911_OPCD_L00_S00001|LWIN_ZERO@lambda=0,0.04073115126022219,0.0542288741408225,0.3060973113907264,0.40753359678449963,0.0788371468417329,0.09233486972233321,0.1330660209825554,FULL_QUALIFIED_REFERENCE|STAGE_ERA_MATCHED_REFERENCE
2022-04-10,0.1055517372652923,0.22390636629468433,0.10488685720299662,0.05074868842885021,0.08798918801498379,911_OPCD_L18_S00295|LWIN_ZERO@lambda=18,0.06614829447720777,0.06614830447720763,0.6266907223985481,0.6266908171388158,0.021840883537776162,0.02184089353777602,0.1055517372652923,FULL_QUALIFIED_REFERENCE|STAGE_ERA_MATCHED_REFERENCE
2022-04-24,0.09547242423574058,0.1760452738630074,0.10697739611751063,0.04695902259238834,0.05704338145514616,911_OPCD_L06_S00360|LWIN_ZERO@lambda=6,0.046412835417220306,0.04641284541722027,0.4861386498641503,0.4861387546064363,0.010630536037925888,0.010630546037925855,0.09547242423574058,FULL_QUALIFIED_REFERENCE|STAGE_ERA_MATCHED_REFERENCE
2022-05-01,0.08760496262423506,0.15222532093029878,0.11044484650335956,0.051814798299396565,0.05854190906076132,911_OPCD_L12_S00293|LWIN_ZERO@lambda=12,0.027685509737114245,0.04682627494370663,0.31602672848416147,0.534516236763425,0.011715634117054695,0.030856399323647078,0.08760496262423506,FULL_QUALIFIED_REFERENCE|STAGE_ERA_MATCHED_REFERENCE
2022-05-08,0.08218752595531531,0.18788723833446677,0.10986696729403922,0.049974072488364274,0.05159266403389497,911_OPCD_L24_S00324|LWIN_ZERO@lambda=24,0.040767304038248846,0.040767314038248695,0.49602787727682296,0.4960279989497865,0.010825349995646272,0.01082535999564612,0.08218752595531531,FULL_QUALIFIED_REFERENCE|STAGE_ERA_MATCHED_REFERENCE
2022-05-15,0.3282019628990655,0.6010799318390331,0.19222088301025614,0.037224581496734334,0.3282019628990655,911_OPCD_L00_S00001|LWIN_ZERO@lambda=0,0.04467919669861089,0.08107920910423097,0.1361332403497886,0.24704059777109222,0.24712275379483453,0.28352276620045463,0.3282019628990655,FULL_QUALIFIED_REFERENCE|STAGE_ERA_MATCHED_REFERENCE
2022-05-22,0.3082923270142067,0.5227563266983554,0.22996588113232203,0.05646690698305936,0.3082923270142067,911_OPCD_L00_S00001|LWIN_ZERO@lambda=0,0.05482738267965361,0.09388618966799281,0.17784219027003892,0.3045362516066329,0.21440613734621392,0.25346494433455313,0.3082923270142067,FULL_QUALIFIED_REFERENCE|STAGE_ERA_MATCHED_REFERENCE
2022-05-29,0.1057077279886948,0.21493208897245847,0.15389557059104492,0.059877186499037255,0.1057077279886948,911_OPCD_L00_S00001|LWIN_ZERO@lambda=0,0.08064861935369469,0.08064862935369468,0.7629396723229155,0.7629397669233784,0.02505909863500011,0.025059108635000105,0.1057077279886948,FULL_QUALIFIED_REFERENCE|STAGE_ERA_MATCHED_REFERENCE
2022-06-05,0.15032527607862067,0.28082775995145504,0.10175130741435233,0.0712592452915365,0.15032527607862067,911_OPCD_L00_S00001|LWIN_ZERO@lambda=0,0.04624831926888077,0.04624832926887986,0.30765497643052875,0.30765504295293505,0.1040769468097408,0.10407695680973991,0.15032527607862067,FULL_QUALIFIED_REFERENCE|STAGE_ERA_MATCHED_REFERENCE|SAME_SEASON_STAGE_REFERENCE
2022-06-12,0.1012875122500791,0.18323253731376685,0.14518751467424232,0.051076715241633104,0.07831611604769503,911_OPCD_L48_S00343|LWIN_ZERO@lambda=48,0.04244685069967757,0.054124788844261154,0.41907289217328386,0.5343678370797272,0.02419132720343388,0.035869265348017466,0.1012875122500791,FULL_QUALIFIED_REFERENCE|STAGE_ERA_MATCHED_REFERENCE|SAME_SEASON_STAGE_REFERENCE
2022-06-19,0.25819042480763554,0.46205931782480897,0.13178047067570492,0.04797133669489461,0.1770712918798968,911_OPCD_L72_S00261|LWIN_ZERO@lambda=72,0.12957140805383133,0.12957141805383057,0.501844358288532,0.5018443970196323,0.04749987382606624,0.04749988382606549,0.25819042480763554,FULL_QUALIFIED_REFERENCE|STAGE_ERA_MATCHED_REFERENCE|SAME_SEASON_STAGE_REFERENCE
2022-06-26,0.21988799171534051,0.3899637340673952,0.16701423034815172,0.09850348489936313,0.1797442490949869,911_OPCD_L72_S00261|LWIN_ZERO@lambda=72,0.160619729000388,0.16061973900038762,0.7304615761297272,0.7304616216074248,0.019124510094599284,0.01912452009459889,0.21988799171534051,FULL_QUALIFIED_REFERENCE|STAGE_ERA_MATCHED_REFERENCE|SAME_SEASON_STAGE_REFERENCE
2022-07-10,0.14968494769049287,0.2640103237722709,0.14598947540105317,0.06496374954726626,0.0983037048604338,911_OPCD_L36_S00249|LWIN_ZERO@lambda=36,0.11586819344736965,0.11586820344736984,0.7740804618975655,0.7740805287045514,-0.01756449858693604,-0.01756448858693585,0.14968494769049287,FULL_QUALIFIED_REFERENCE|STAGE_ERA_MATCHED_REFERENCE|SAME_SEASON_STAGE_REFERENCE
2022-07-17,0.18279826136969,0.25667530519431636,0.09497945826007265,0.06465163304007393,0.10236033527758692,911_OPCD_L48_S00301|LWIN_ZERO@lambda=48,0.10940346286185174,0.1094034728618514,0.5984929071102865,0.5984929618154001,-0.007043137584264475,-0.007043127584264813,0.18279826136969,FULL_QUALIFIED_REFERENCE|STAGE_ERA_MATCHED_REFERENCE|SAME_SEASON_STAGE_REFERENCE
2022-07-24,0.1463426345485778,0.19872179393552308,0.13515677733754078,0.0427271288662988,0.0890900747456572,911_OPCD_L48_S00300|LWIN_ZERO@lambda=48,0.08124983542323994,0.08124984542323958,0.5552027655773096,0.5552028339100937,0.00784022932241761,0.007840239322417258,0.1463426345485778,FULL_QUALIFIED_REFERENCE|STAGE_ERA_MATCHED_REFERENCE|SAME_SEASON_STAGE_REFERENCE
2022-07-31,0.12928452616335115,0.2466311479011091,0.16783783310536754,0.06889212030568156,0.11211380486458863,911_OPCD_L48_S00357|LWIN_ZERO@lambda=48,0.05717551095128451,0.08139887574381073,0.44224558536141584,0.6296103498183778,0.030714929120777903,0.054938293913304126,0.12928452616335115,FULL_QUALIFIED_REFERENCE|STAGE_ERA_MATCHED_REFERENCE|SAME_SEASON_STAGE_REFERENCE
2022-08-07,0.11041453777505278,0.25016566921638655,0.09803626071939313,0.054818512089826535,0.0694467330736949,911_OPCD_L18_S00319|LWIN_ZERO@lambda=18,0.06564457043138067,0.06564458043138055,0.594528327104155,0.594528417671938,0.0038021526423143437,0.0038021626423142274,0.11041453777505278,FULL_QUALIFIED_REFERENCE|STAGE_ERA_MATCHED_REFERENCE|SAME_SEASON_STAGE_REFERENCE
2022-08-14,0.11725162094807141,0.2571896573092059,0.09599077919857178,0.0284148576847101,0.0895202206347718,911_OPCD_L00_S00001|LWIN_ZERO@lambda=0,0.039950845181069464,0.08835875107773608,0.34072744460192117,0.753582341662198,0.0011614695570357214,0.04956937545370234,0.11725162094807141,FULL_QUALIFIED_REFERENCE|STAGE_ERA_MATCHED_REFERENCE|SAME_SEASON_STAGE_REFERENCE
2022-08-21,0.20939747635914793,0.3267849939881257,0.1289668399942458,0.03462687044958981,0.09999897332211471,911_OPCD_L36_S00249|LWIN_ZERO@lambda=36,0.11733521699051458,0.11733522699051425,0.5603468534132052,0.5603469011692711,-0.01733625366839954,-0.017336243668399864,0.20939747635914793,FULL_QUALIFIED_REFERENCE|STAGE_ERA_MATCHED_REFERENCE|SAME_SEASON_STAGE_REFERENCE
2022-08-28,0.15714551705335117,0.31138806591967544,0.10896692285850587,0.050392557039390336,0.0867388697675202,911_OPCD_L60_S00213|LWIN_ZERO@lambda=60,0.10034530442516373,0.10034531442516356,0.6385502196101231,0.6385502832454085,-0.013606444657643366,-0.013606434657643537,0.15714551705335117,FULL_QUALIFIED_REFERENCE|STAGE_ERA_MATCHED_REFERENCE|SAME_SEASON_STAGE_REFERENCE
2022-09-11,0.1264695200028166,0.24410467439611994,0.2182623916435397,0.06900311638928691,0.10187164350800723,911_OPCD_L18_S00330|LWIN_ZERO@lambda=18,0.07874969872401341,0.07874970872401339,0.622677295859584,0.6226773749300192,0.02312193478399384,0.02312194478399382,0.1264695200028166,FULL_QUALIFIED_REFERENCE|STAGE_ERA_MATCHED_REFERENCE|SAME_SEASON_STAGE_REFERENCE
2022-09-18,0.1303534740263428,0.23935697568918574,0.20306496824326326,0.039122840704852134,0.08886119363093051,911_OPCD_L00_S00114|LWIN_ZERO@lambda=0,0.04602912906173035,0.0635483017909862,0.3531101062364355,0.48750754259256546,0.025312891839944313,0.042832064569200155,0.1303534740263428,FULL_QUALIFIED_REFERENCE|STAGE_ERA_MATCHED_REFERENCE|SAME_SEASON_STAGE_REFERENCE
2022-10-02,0.1390646414855901,0.23802898782403878,0.1525686528491008,0.046692722838547834,0.09156299156299175,911_OPCD_L12_S00292|LWIN_ZERO@lambda=12,0.031093765893306355,0.048688303608700925,0.2235921767110606,0.35011274676709253,0.04287468795429082,0.06046922566968539,0.1390646414855901,FULL_QUALIFIED_REFERENCE|STAGE_ERA_MATCHED_REFERENCE|SAME_SEASON_STAGE_REFERENCE
2022-10-09,0.12057289484708843,0.2374731594170505,0.12106154695086031,0.04261016437616022,0.10198997689647664,911_OPCD_L48_S00300|LWIN_ZERO@lambda=48,0.08501093394151907,0.085010943941519,0.7050584134131528,0.7050584963505322,0.016979032954957646,0.01697904295495757,0.12057289484708843,FULL_QUALIFIED_REFERENCE|STAGE_ERA_MATCHED_REFERENCE|SAME_SEASON_STAGE_REFERENCE
2022-10-16,0.11538133190680963,0.18155432138739572,0.12401030336610691,0.05787876986102575,0.11538133190680963,911_OPCD_L00_S00001|LWIN_ZERO@lambda=0,0.06409665722166713,0.06409666722166724,0.5555201709184312,0.5555202575875652,0.051284664685142395,0.0512846746851425,0.11538133190680963,FULL_QUALIFIED_REFERENCE|STAGE_ERA_MATCHED_REFERENCE|SAME_SEASON_STAGE_REFERENCE
2022-10-23,0.07748746867167922,0.15801758063345853,0.10450765363872537,0.06506999097248904,0.07142928368250531,911_OPCD_L60_S00222|LWIN_ZERO@lambda=60,0.06281020018802981,0.06281021018802974,0.8105852632012255,0.8105853922543498,0.008619073494475576,0.008619083494475502,0.07748746867167922,FULL_QUALIFIED_REFERENCE|STAGE_ERA_MATCHED_REFERENCE|SAME_SEASON_STAGE_REFERENCE
2022-10-30,0.06654207137400414,0.12313264162995127,0.08658619507302132,0.028713897756556177,0.06654207137400414,911_OPCD_L00_S00001|LWIN_ZERO@lambda=0,0.02613485714280434,0.03284295787763194,0.3927568920407006,0.49356680968098976,0.0336991134963722,0.040407214231199806,0.06654207137400414,FULL_QUALIFIED_REFERENCE|STAGE_ERA_MATCHED_REFERENCE|SAME_SEASON_STAGE_REFERENCE
2022-11-06,0.07395729270729272,0.14275642517898596,0.09829055776758802,0.059497166627396,0.07006620858165442,911_OPCD_L60_S00222|LWIN_ZERO@lambda=60,0.04042922425048844,0.044067027484365,0.5466563576157221,0.595844248366053,0.025999181097289423,0.02963698433116598,0.07395729270729272,FULL_QUALIFIED_REFERENCE|STAGE_ERA_MATCHED_REFERENCE|SAME_SEASON_STAGE_REFERENCE
2022-11-13,0.1386527293844367,0.21310682472569123,0.104422195293027,0.07753781072167631,0.10603098655730248,911_OPCD_L48_S00338|LWIN_ZERO@lambda=48,0.057061756221673574,0.05706176622167275,0.4115444136945966,0.4115444858172243,0.048969220335629726,0.0489692303356289,0.1386527293844367,FULL_QUALIFIED_REFERENCE|STAGE_ERA_MATCHED_REFERENCE|SAME_SEASON_STAGE_REFERENCE
2022-11-27,0.10809499243925474,0.20656486589597667,0.13761009237619623,0.05040111744805313,0.08550094702268621,911_OPCD_L18_S00319|LWIN_ZERO@lambda=18,0.08840894444878096,0.08840895444878097,0.8178819615391842,0.8178820540504078,-0.002908007426094761,-0.002907997426094752,0.10809499243925474,FULL_QUALIFIED_REFERENCE|STAGE_ERA_MATCHED_REFERENCE|SAME_SEASON_STAGE_REFERENCE
2022-12-04,0.13901602557990222,0.26174619576088654,0.12954663316548642,0.06038662284405977,0.13901602557990222,911_OPCD_L00_S00001|LWIN_ZERO@lambda=0,0.07694135580855345,0.10202628581267517,0.5534711231140029,0.7339174414393939,0.03698973976722705,0.062074669771348776,0.13901602557990222,FULL_QUALIFIED_REFERENCE|STAGE_ERA_MATCHED_REFERENCE
2022-12-11,0.08554593554593555,0.1756666154091493,0.1156347589691862,0.05337245336708911,0.08128993438867389,911_OPCD_L48_S00311|LWIN_ZERO@lambda=48,0.039955353592533854,0.05255457173142009,0.4670631437665329,0.6143432928289141,0.0287353626572538,0.04133458079614004,0.08554593554593555,FULL_QUALIFIED_REFERENCE|STAGE_ERA_MATCHED_REFERENCE
2022-12-18,0.09907210959191153,0.17819646432798308,0.14382324256612064,0.044214836938334,0.06869066537967936,911_OPCD_L60_S00216|LWIN_ZERO@lambda=60,0.07968127635112704,0.07968128635112708,0.8042755592804335,0.8042756602170147,-0.01099062097144772,-0.010990610971447684,0.09907210959191153,FULL_QUALIFIED_REFERENCE|STAGE_ERA_MATCHED_REFERENCE
2023-01-08,0.1441739172508403,0.2689628332688461,0.13652892639507086,0.08561545799497536,0.1441739172508403,911_OPCD_L00_S00001|LWIN_ZERO@lambda=0,0.06959255197179487,0.06959256197179489,0.48269862745502434,0.482698696815698,0.07458135527904541,0.07458136527904544,0.1441739172508403,FULL_QUALIFIED_REFERENCE|STAGE_ERA_MATCHED_REFERENCE
2023-01-22,0.11232845341971369,0.18524377917649174,0.11102962874178535,0.07495383272205512,0.08384361210448175,911_OPCD_L06_S00360|LWIN_ZERO@lambda=6,0.028519023418387447,0.06412770534939488,0.2538895760616103,0.5708945809997278,0.019715906755086873,0.05532458868609431,0.11232845341971369,FULL_QUALIFIED_REFERENCE|STAGE_ERA_MATCHED_REFERENCE
2023-01-29,0.10525416917821985,0.17453844169692642,0.1333652972848588,0.0691798475866478,0.06517019608596022,911_OPCD_L72_S00261|LWIN_ZERO@lambda=72,0.04552872938592618,0.045528739385926026,0.43255986666747065,0.4325599616755822,0.0196414567000342,0.019641466700034048,0.10525416917821985,FULL_QUALIFIED_REFERENCE|STAGE_ERA_MATCHED_REFERENCE
2023-02-05,0.07296539186491338,0.12568431650021858,0.09526183007591864,0.04741900128012327,0.0653744708242312,911_OPCD_L60_S00222|LWIN_ZERO@lambda=60,0.04149633106662392,0.041496341066623726,0.5687125088487069,0.5687126458999795,0.023878129757607475,0.023878139757607282,0.07296539186491338,FULL_QUALIFIED_REFERENCE|STAGE_ERA_MATCHED_REFERENCE
2023-02-12,0.10192751932665473,0.232685514620769,0.14065364981344047,0.06446110198370372,0.10192751932665473,911_OPCD_L00_S00001|LWIN_ZERO@lambda=0,0.054351825181001276,0.05435183518100093,0.5332399487405941,0.5332400468495221,0.047575684145653795,0.04757569414565345,0.10192751932665473,FULL_QUALIFIED_REFERENCE|STAGE_ERA_MATCHED_REFERENCE
2023-02-26,0.24487729983524054,0.3043201280182842,0.20145477120430538,0.04675072412183857,0.10199620040302874,911_OPCD_L18_S00334|LWIN_ZERO@lambda=18,0.056572952430308805,0.1019962004030292,0.23102571152316886,0.41651962216038296,-4.579669976578771e-16,0.04542324797271994,0.24487729983524054,FULL_QUALIFIED_REFERENCE|STAGE_ERA_MATCHED_REFERENCE
2023-03-05,0.10070179453439368,0.2045234746752416,0.13366670454978663,0.06095027413282726,0.07113790119029503,911_OPCD_L60_S00269|LWIN_ZERO@lambda=60,0.03859085902214874,0.06408223186245615,0.3832191789687365,0.6363564041608962,0.0070556693278388816,0.032547042168146294,0.10070179453439368,FULL_QUALIFIED_REFERENCE|STAGE_ERA_MATCHED_REFERENCE
2023-03-12,0.08592227344713846,0.188767081769428,0.12273183992237485,0.06926904052136527,0.08479183625760288,911_OPCD_L60_S00225|LWIN_ZERO@lambda=60,0.03542942888486823,0.05090992724054918,0.4123427775298021,0.5925114082539988,0.0338819090170537,0.049362407372734646,0.08592227344713846,FULL_QUALIFIED_REFERENCE|STAGE_ERA_MATCHED_REFERENCE
2023-03-19,0.11080079966090332,0.2366603734058081,0.14545706736210975,0.042340866517144755,0.11048498208872967,911_OPCD_L48_S00301|LWIN_ZERO@lambda=48,0.09125276490965392,0.09125277490965383,0.8235749668677975,0.8235750571198529,0.01923220717907584,0.01923221717907575,0.11080079966090332,FULL_QUALIFIED_REFERENCE|STAGE_ERA_MATCHED_REFERENCE
2023-03-26,0.11837214052287579,0.20313869168671855,0.11913177611770083,0.03920705659746619,0.11837214052287579,911_OPCD_L00_S00001|LWIN_ZERO@lambda=0,0.03853501074813879,0.07934284709064567,0.3255412175358253,0.6702831150993034,0.03902929343223012,0.079837129774737,0.11837214052287579,FULL_QUALIFIED_REFERENCE|STAGE_ERA_MATCHED_REFERENCE
2023-04-02,0.10426096426096428,0.248949349016569,0.0962692219081552,0.053548702840291465,0.09950746219809402,911_OPCD_L00_S00114|LWIN_ZERO@lambda=0,0.06861627086196591,0.06861628086196551,0.6581204322091246,0.6581205281222948,0.030891181336128504,0.03089119133612811,0.10426096426096428,FULL_QUALIFIED_REFERENCE|STAGE_ERA_MATCHED_REFERENCE
2023-04-16,0.1358027297232159,0.28712085432958595,0.16010538720750397,0.0670419306735334,0.10852082190110364,911_OPCD_L06_S00354|LWIN_ZERO@lambda=6,0.04744694829833601,0.08431987810474671,0.3493814034153749,0.6208997291630433,0.024200943796356927,0.06107387360276763,0.1358027297232159,FULL_QUALIFIED_REFERENCE|STAGE_ERA_MATCHED_REFERENCE
2023-04-23,0.11223592524398564,0.23401717871273833,0.12274316437155475,0.056587246182192706,0.0844191522762952,911_OPCD_L06_S00340|LWIN_ZERO@lambda=6,0.03882969710478313,0.0463710168231682,0.34596495748017086,0.4131566316432454,0.038048135453127005,0.045589455171512076,0.11223592524398564,FULL_QUALIFIED_REFERENCE|STAGE_ERA_MATCHED_REFERENCE
2023-04-30,0.16446402349486056,0.2073136155239971,0.12024363121801576,0.035965973798332884,0.06439023695602643,911_OPCD_L06_S00306|LWIN_ZERO@lambda=6,0.04432247504053303,0.05053745541278713,0.26949647770181234,0.3072857780009645,0.013852781543239295,0.0200677619154934,0.16446402349486056,FULL_QUALIFIED_REFERENCE|STAGE_ERA_MATCHED_REFERENCE
2023-05-07,0.12996122190566634,0.25194379465817546,0.1335578540882926,0.051985789031820016,0.08765620427552254,911_OPCD_L00_S00001|LWIN_ZERO@lambda=0,0.03985618353453558,0.05309032111046605,0.30667750695254,0.4085089408362303,0.03456588316505649,0.04780002074098696,0.12996122190566634,FULL_QUALIFIED_REFERENCE|STAGE_ERA_MATCHED_REFERENCE
2023-05-14,0.16647794296099383,0.2645656443839534,0.20782481884880316,0.08178696220181003,0.10306364211949905,911_OPCD_L00_S00001|LWIN_ZERO@lambda=0,0.09705742771179207,0.09705743771179205,0.583004727145943,0.5830047872139604,0.006006204407706994,0.006006214407706975,0.16647794296099383,FULL_QUALIFIED_REFERENCE|STAGE_ERA_MATCHED_REFERENCE
2023-05-21,0.17141144974006167,0.306563201627267,0.12062959900572605,0.09895398604174431,0.12422852881483265,911_OPCD_L06_S00350|LWIN_ZERO@lambda=6,0.10832814525696481,0.10832815525696471,0.6319773003567728,0.6319773586959322,0.01590037355786794,0.01590038355786784,0.17141144974006167,FULL_QUALIFIED_REFERENCE|STAGE_ERA_MATCHED_REFERENCE
2023-05-28,0.13845019659239843,0.2643902929428007,0.11170950199889426,0.0662001788724284,0.09828485433324152,911_OPCD_L06_S00338|LWIN_ZERO@lambda=6,0.059672041770062134,0.059672051770061144,0.4310000508394974,0.4310001230676289,0.03861280256318038,0.03861281256317939,0.13845019659239843,FULL_QUALIFIED_REFERENCE|STAGE_ERA_MATCHED_REFERENCE
2023-06-04,0.11452034939592147,0.23640271603211774,0.14609024291070458,0.0685184176666562,0.11279519938056526,911_OPCD_L00_S00108|LWIN_ZERO@lambda=0,0.03531167347582186,0.06213036006814612,0.30834409484502895,0.5425268120109213,0.050664839312419135,0.07748352590474339,0.11452034939592147,FULL_QUALIFIED_REFERENCE|STAGE_ERA_MATCHED_REFERENCE|SAME_SEASON_STAGE_REFERENCE
2023-06-11,0.22469069558913304,0.2727692008643379,0.09772792068327105,0.04763993745317403,0.09666779157404971,911_OPCD_L00_S00558|LWIN_ZERO@lambda=0,0.04986885801091335,0.06147428370218039,0.22194447295718467,0.27359514616747455,0.035193507871869326,0.046798933563136365,0.22469069558913304,FULL_QUALIFIED_REFERENCE|STAGE_ERA_MATCHED_REFERENCE|SAME_SEASON_STAGE_REFERENCE
2023-06-18,0.1294675797730744,0.2536018746159882,0.14515791380193455,0.09041871889807432,0.11266696266696272,911_OPCD_L60_S00254|LWIN_ZERO@lambda=60,0.09233811681581729,0.09233812681581693,0.7132142037231548,0.7132142809625661,0.020328835851145782,0.02032884585114543,0.1294675797730744,FULL_QUALIFIED_REFERENCE|STAGE_ERA_MATCHED_REFERENCE|SAME_SEASON_STAGE_REFERENCE
2023-06-25,0.16072069905403238,0.24352756177887816,0.1023373146079586,0.07243128530019324,0.16072069905403238,911_OPCD_L00_S00001|LWIN_ZERO@lambda=0,0.05474734152244781,0.05981625230671659,0.3406365318510866,0.37217516261926586,0.1009044467473158,0.10597335753158457,0.16072069905403238,FULL_QUALIFIED_REFERENCE|STAGE_ERA_MATCHED_REFERENCE|SAME_SEASON_STAGE_REFERENCE
2023-07-09,0.11394080996884735,0.2634464097705258,0.1770990699121243,0.06990449751339187,0.11394080996884735,911_OPCD_L00_S00001|LWIN_ZERO@lambda=0,0.06589975331074233,0.06589976331074157,0.5783683065686476,0.5783683943335077,0.04804104665810578,0.04804105665810503,0.11394080996884735,FULL_QUALIFIED_REFERENCE|STAGE_ERA_MATCHED_REFERENCE|SAME_SEASON_STAGE_REFERENCE
2023-07-16,0.11229029851478828,0.19951806101858344,0.1450139860563594,0.11118930052780068,0.10314655784652829,911_OPCD_L06_S00335|LWIN_ZERO@lambda=6,0.05619800685921546,0.07617896492269768,0.5004707227830048,0.6784109217829282,0.026967592923830608,0.046948550987312834,0.11229029851478828,FULL_QUALIFIED_REFERENCE|STAGE_ERA_MATCHED_REFERENCE|SAME_SEASON_STAGE_REFERENCE
2023-07-23,0.15158529741863075,0.24742375001612,0.17274850843907283,0.09972352895315864,0.08838894664215134,911_OPCD_L48_S00301|LWIN_ZERO@lambda=48,0.07448785602155433,0.07448786602155397,0.49139235328240566,0.49139241925186183,0.013901080620597375,0.01390109062059701,0.15158529741863075,FULL_QUALIFIED_REFERENCE|STAGE_ERA_MATCHED_REFERENCE|SAME_SEASON_STAGE_REFERENCE
2023-07-30,0.1459646213377557,0.33350420105790846,0.11514368996585575,0.06743727298252367,0.1436831875607386,911_OPCD_L18_S00319|LWIN_ZERO@lambda=18,0.0516511632528354,0.0635506928874276,0.3538608381911729,0.435384220539127,0.08013249467331102,0.09203202430790322,0.1459646213377557,FULL_QUALIFIED_REFERENCE|STAGE_ERA_MATCHED_REFERENCE|SAME_SEASON_STAGE_REFERENCE
2023-08-06,0.13543909489633177,0.2945241284725382,0.08133670180137058,0.048525601198672844,0.12072416830481353,911_OPCD_L60_S00240|LWIN_ZERO@lambda=60,0.060190596351809574,0.060190606351809076,0.4444107988013421,0.4444108726352636,0.06053356195300445,0.060533571953003955,0.13543909489633177,FULL_QUALIFIED_REFERENCE|STAGE_ERA_MATCHED_REFERENCE|SAME_SEASON_STAGE_REFERENCE
2023-08-13,0.10968832093832095,0.2445597612087596,0.11764510387733705,0.07429761905713521,0.10968832093832095,911_OPCD_L00_S00001|LWIN_ZERO@lambda=0,0.0524355821355019,0.05786321317571318,0.47804161543312396,0.5275239212408981,0.05182510776260778,0.05725273880281905,0.10968832093832095,FULL_QUALIFIED_REFERENCE|STAGE_ERA_MATCHED_REFERENCE|SAME_SEASON_STAGE_REFERENCE
2023-08-20,0.09457496526462043,0.1968103430898494,0.12365752061392739,0.079244425731261,0.09457496526462043,911_OPCD_L00_S00001|LWIN_ZERO@lambda=0,0.04807574805990243,0.0687973595399144,0.5083348212223674,0.7274373228414054,0.02577760572470604,0.046499217204718,0.09457496526462043,FULL_QUALIFIED_REFERENCE|STAGE_ERA_MATCHED_REFERENCE|SAME_SEASON_STAGE_REFERENCE
2023-08-27,0.07465275952118058,0.18078023107408395,0.13613419146076133,0.07165855386365814,0.0714962121212121,911_OPCD_L48_S00307|LWIN_ZERO@lambda=48,0.0617755812633732,0.061775591263373224,0.8275056630136512,0.8275057969671726,0.009720620857838876,0.009720630857838898,0.07465275952118058,FULL_QUALIFIED_REFERENCE|STAGE_ERA_MATCHED_REFERENCE|SAME_SEASON_STAGE_REFERENCE
2023-09-10,0.13189287564287566,0.22757549315974063,0.1511789779402389,0.043564572803838436,0.13189287564287566,911_OPCD_L00_S00001|LWIN_ZERO@lambda=0,0.03965281521247079,0.06530803513616013,0.30064410241412975,0.49515968787422376,0.06658484050671554,0.09224006043040486,0.13189287564287566,FULL_QUALIFIED_REFERENCE|STAGE_ERA_MATCHED_REFERENCE|SAME_SEASON_STAGE_REFERENCE
2023-09-17,0.11368317165971922,0.22334668660345366,0.1447542424430952,0.07028340866625615,0.0942497165186241,911_OPCD_L00_S00700|LWIN_ZERO@lambda=0,0.05289323359758968,0.06243816267964834,0.4652688065029687,0.5492295980845838,0.031811553838975756,0.04135648292103442,0.11368317165971922,FULL_QUALIFIED_REFERENCE|STAGE_ERA_MATCHED_REFERENCE|SAME_SEASON_STAGE_REFERENCE
2023-09-24,0.13751359225292878,0.3160419596944972,0.1661220226521227,0.05496061399653803,0.13751359225292878,911_OPCD_L00_S00001|LWIN_ZERO@lambda=0,0.0822451538407146,0.09246202518188801,0.5980874507986168,0.6723846251636172,0.04505156707104077,0.05526843841221418,0.13751359225292878,FULL_QUALIFIED_REFERENCE|STAGE_ERA_MATCHED_REFERENCE|SAME_SEASON_STAGE_REFERENCE
2023-10-01,0.17498233631653326,0.3169268600346894,0.08700159554157125,0.048218539311317386,0.14320991201522187,911_OPCD_L00_S00001|LWIN_ZERO@lambda=0,0.09026337548109567,0.09042381091233798,0.515842783798556,0.5167596502355892,0.0527861011028839,0.052946536534126204,0.17498233631653326,FULL_QUALIFIED_REFERENCE|STAGE_ERA_MATCHED_REFERENCE|SAME_SEASON_STAGE_REFERENCE
2023-10-08,0.12952523311267705,0.18182816038930902,0.10431130152809794,0.037497084244455685,0.06566563467492284,911_OPCD_L00_S00001|LWIN_ZERO@lambda=0,0.0401847950856076,0.04018480508560753,0.31024684627010013,0.3102469234751334,0.02548082958931531,0.02548083958931524,0.12952523311267705,FULL_QUALIFIED_REFERENCE|STAGE_ERA_MATCHED_REFERENCE|SAME_SEASON_STAGE_REFERENCE
2023-10-15,0.10541858426473809,0.1418358342600152,0.13893606766438152,0.08766645256656026,0.0691578951791367,911_OPCD_L60_S00222|LWIN_ZERO@lambda=60,0.06415968390619749,0.06415969390619741,0.6086183413834607,0.6086184362433945,0.00499820127293929,0.004998211272939215,0.10541858426473809,FULL_QUALIFIED_REFERENCE|STAGE_ERA_MATCHED_REFERENCE|SAME_SEASON_STAGE_REFERENCE
2023-10-22,0.12000944956295771,0.21474214427162097,0.10806982980019292,0.06331352651107545,0.10256903980673089,911_OPCD_L60_S00222|LWIN_ZERO@lambda=60,0.09679563029670954,0.09679564029670944,0.8065667382794715,0.8065668216062423,0.005773399510021454,0.005773409510021352,0.12000944956295771,FULL_QUALIFIED_REFERENCE|STAGE_ERA_MATCHED_REFERENCE|SAME_SEASON_STAGE_REFERENCE
2023-10-29,0.12489837101484687,0.2286153779666392,0.1239519257526261,0.049914738622924754,0.09782037359356952,911_OPCD_L60_S00256|LWIN_ZERO@lambda=60,0.06283751249183564,0.0628375224918348,0.5031091437082558,0.5031092237733445,0.03498285110173471,0.034982861101733875,0.12489837101484687,FULL_QUALIFIED_REFERENCE|STAGE_ERA_MATCHED_REFERENCE|SAME_SEASON_STAGE_REFERENCE
2023-11-05,0.07667364574052427,0.1530981360041136,0.12302684022544146,0.05876575660515666,0.04961111035723577,911_OPCD_L48_S00372|LWIN_ZERO@lambda=48,0.04055069178531027,0.040550701785310055,0.5288739226322982,0.5288740530552054,0.009060408571925714,0.0090604185719255,0.07667364574052427,FULL_QUALIFIED_REFERENCE|STAGE_ERA_MATCHED_REFERENCE|SAME_SEASON_STAGE_REFERENCE
2023-11-12,0.07300489365706757,0.1689747413994305,0.08119524288799695,0.0486763758901812,0.060005015560571154,911_OPCD_L36_S00273|LWIN_ZERO@lambda=36,0.06650494460881932,0.06650495460881935,0.9109655706262509,0.9109657076033701,-0.006499939048248193,-0.006499929048248171,0.07300489365706757,FULL_QUALIFIED_REFERENCE|STAGE_ERA_MATCHED_REFERENCE|SAME_SEASON_STAGE_REFERENCE
2023-11-26,0.19696969696969696,0.2945438402810454,0.19768790916319598,0.09079482065701419,0.17446524064171098,911_OPCD_L36_S00249|LWIN_ZERO@lambda=36,0.12660942093880248,0.12660943093880275,0.6427862909200741,0.6427863416893063,0.04785580970290823,0.0478558197029085,0.19696969696969696,FULL_QUALIFIED_REFERENCE|STAGE_ERA_MATCHED_REFERENCE|SAME_SEASON_STAGE_REFERENCE
2023-12-03,0.15939153439153436,0.2781858943438681,0.10999808806264963,0.08056338753377497,0.11720914601709262,911_OPCD_L36_S00249|LWIN_ZERO@lambda=36,0.0758703603703709,0.07587037037037035,0.4759999372614142,0.476,0.04133877564672227,0.04133878564672172,0.15939153439153436,FULL_QUALIFIED_REFERENCE|STAGE_ERA_MATCHED_REFERENCE
2023-12-10,0.2656402116402115,0.4122555497046098,0.17059794016158503,0.05968079450214756,0.2656402116402115,911_OPCD_L00_S00001|LWIN_ZERO@lambda=0,0.0726554345698416,0.09154370572324255,0.2735106786778486,0.3446153922179192,0.17409650591696896,0.19298477707036993,0.2656402116402115,FULL_QUALIFIED_REFERENCE|STAGE_ERA_MATCHED_REFERENCE
2023-12-17,0.217154801065163,0.31549645374585233,0.10373523187189627,0.052185804405551386,0.11306246294222372,911_OPCD_L18_S00311|LWIN_ZERO@lambda=18,0.07742465130549195,0.0774246613054918,0.35654128265052104,0.356541328700619,0.035637801636731914,0.03563781163673177,0.217154801065163,FULL_QUALIFIED_REFERENCE|STAGE_ERA_MATCHED_REFERENCE
2024-02-04,0.13476498357963876,0.2575903280057187,0.1492804767626621,0.07937750037505825,0.09949766586927872,911_OPCD_L36_S00249|LWIN_ZERO@lambda=36,0.08241495918559139,0.08241496918559138,0.6115457962185603,0.611545870421812,0.017082696683687337,0.017082706683687332,0.13476498357963876,FULL_QUALIFIED_REFERENCE|STAGE_ERA_MATCHED_REFERENCE
2024-02-18,0.15137626433922727,0.2869995567839665,0.17522560901168763,0.05547042119398358,0.09494306506501649,911_OPCD_L24_S00341|LWIN_ZERO@lambda=24,0.07667054324480829,0.07667055324480751,0.5064898620631377,0.5064899281236873,0.018272511820208975,0.018272521820208193,0.15137626433922727,FULL_QUALIFIED_REFERENCE|STAGE_ERA_MATCHED_REFERENCE
2024-02-25,0.0850533609327579,0.1592050012052387,0.12844195540447642,0.0777154388740346,0.05324706678729331,911_OPCD_L60_S00222|LWIN_ZERO@lambda=60,0.06250972248630163,0.06250973248630148,0.7349471179124952,0.7349472354857427,-0.009262665699008174,-0.009262655699008318,0.0850533609327579,FULL_QUALIFIED_REFERENCE|STAGE_ERA_MATCHED_REFERENCE
2024-03-03,0.10872728321794536,0.2244607920996756,0.11999764302213237,0.06370683588443644,0.08633427250092292,911_OPCD_L48_S00300|LWIN_ZERO@lambda=48,0.06369981277055067,0.06369982277055067,0.5858677866792965,0.5858678786525318,0.02263444973037225,0.022634459730372244,0.10872728321794536,FULL_QUALIFIED_REFERENCE|STAGE_ERA_MATCHED_REFERENCE
2024-03-10,0.11559267937944409,0.22936295922492503,0.11474104624324957,0.0732710235725841,0.08584213108630917,911_OPCD_L48_S00337|LWIN_ZERO@lambda=48,0.055820949441838796,0.055820959441838694,0.48291076685402506,0.48291085336469297,0.030021171644470476,0.030021181644470374,0.11559267937944409,FULL_QUALIFIED_REFERENCE|STAGE_ERA_MATCHED_REFERENCE
2024-03-17,0.13802978523648912,0.27127130136909905,0.1639241041713872,0.07832229733631808,0.08538992025694234,911_OPCD_L60_S00222|LWIN_ZERO@lambda=60,0.059187007719377384,0.06314623031903041,0.4287988104739215,0.45748263833665137,0.022243689937911926,0.026202912537564953,0.13802978523648912,FULL_QUALIFIED_REFERENCE|STAGE_ERA_MATCHED_REFERENCE
2024-03-24,0.11980531905905041,0.23262821746431486,0.11315189566761849,0.043757928754311184,0.07985034111740619,911_OPCD_L06_S00347|LWIN_ZERO@lambda=6,0.03939565832185809,0.060117464850145394,0.3288306281496609,0.5017929531201725,0.019732876267260793,0.0404546827955481,0.11980531905905041,FULL_QUALIFIED_REFERENCE|STAGE_ERA_MATCHED_REFERENCE
2024-03-31,0.12081417030548881,0.23258857235035024,0.12971963811693799,0.07209532129021178,0.09834037063101111,911_OPCD_L00_S00620|LWIN_ZERO@lambda=0,0.09358325730524938,0.09358326730524943,0.7746049744712581,0.774605057243006,0.00475710332576168,0.00475711332576173,0.12081417030548881,FULL_QUALIFIED_REFERENCE|STAGE_ERA_MATCHED_REFERENCE
2024-04-07,0.10240285282898917,0.2507256099379129,0.11749844437078069,0.05501414069138902,0.10240285282898917,911_OPCD_L00_S00001|LWIN_ZERO@lambda=0,0.07296205573955267,0.07296206573955273,0.7125002255688904,0.7125003232224204,0.02944078708943644,0.029440797089436505,0.10240285282898917,FULL_QUALIFIED_REFERENCE|STAGE_ERA_MATCHED_REFERENCE
2024-04-14,0.11122124345227057,0.24721826470243652,0.09914529595785719,0.0693773664141224,0.07372605929424125,911_OPCD_L36_S00301|LWIN_ZERO@lambda=36,0.047951148262851344,0.04874888749379143,0.43113299918669834,0.43830554290387436,0.024977171800449824,0.02577491103138991,0.11122124345227057,FULL_QUALIFIED_REFERENCE|STAGE_ERA_MATCHED_REFERENCE
2024-04-21,0.1668700396825397,0.2666459926271744,0.20952307156368657,0.09380234874012247,0.1668700396825397,911_OPCD_L00_S00001|LWIN_ZERO@lambda=0,0.0755411777563102,0.07554118775631033,0.45269467125448515,0.4526947311813609,0.09132885192622936,0.0913288619262295,0.1668700396825397,FULL_QUALIFIED_REFERENCE|STAGE_ERA_MATCHED_REFERENCE
2024-04-28,0.1269628875398106,0.19495492967769923,0.16831683348963522,0.06986062163353354,0.0897325107951294,911_OPCD_L60_S00270|LWIN_ZERO@lambda=60,0.081074485671027,0.08107449567102709,0.638568382005373,0.6385684607685478,0.008658015124102303,0.008658025124102395,0.1269628875398106,FULL_QUALIFIED_REFERENCE|STAGE_ERA_MATCHED_REFERENCE
2024-05-05,0.2903854315619021,0.5406518341261636,0.16163684448593915,0.055087423149426974,0.15108367773405906,911_OPCD_L36_S00326|LWIN_ZERO@lambda=36,0.21251619085921317,0.21251620085921322,0.7318417791007901,0.7318418135377796,-0.061432523125154154,-0.0614325131251541,0.2903854315619021,FULL_QUALIFIED_REFERENCE|STAGE_ERA_MATCHED_REFERENCE
2024-05-12,0.3064442770597925,0.5636129155013858,0.2450582795759221,0.0666481787810396,0.1867702887441834,911_OPCD_L36_S00284|LWIN_ZERO@lambda=36,0.20349313667127514,0.20349314667127477,0.6640461314001637,0.6640461640325226,-0.016722857927091384,-0.01672284792709175,0.3064442770597925,FULL_QUALIFIED_REFERENCE|STAGE_ERA_MATCHED_REFERENCE
2024-05-19,0.12375303945816767,0.2152408675760155,0.11972581539114449,0.055606906842347655,0.12375303945816767,911_OPCD_L00_S00001|LWIN_ZERO@lambda=0,0.03327118594660685,0.04517053492188795,0.2688514649198053,0.3650054586106306,0.07858250453627971,0.09048185351156082,0.12375303945816767,FULL_QUALIFIED_REFERENCE|STAGE_ERA_MATCHED_REFERENCE
2024-06-02,0.13580992026221086,0.2986333809042727,0.11701880259621375,0.05496144822905785,0.13580992026221086,911_OPCD_L00_S00001|LWIN_ZERO@lambda=0,0.054375796390770816,0.06479001886509901,0.40038162371192326,0.4770639636633882,0.07101990139711185,0.08143412387144006,0.13580992026221086,FULL_QUALIFIED_REFERENCE|STAGE_ERA_MATCHED_REFERENCE|SAME_SEASON_STAGE_REFERENCE
2024-06-09,0.16379595629901625,0.3029566506395898,0.15225123915195465,0.06473209961769644,0.16379595629901625,911_OPCD_L00_S00001|LWIN_ZERO@lambda=0,0.07673801829949095,0.07673802829949083,0.4684976359208926,0.46849769697246013,0.08705792799952541,0.0870579379995253,0.16379595629901625,FULL_QUALIFIED_REFERENCE|STAGE_ERA_MATCHED_REFERENCE|SAME_SEASON_STAGE_REFERENCE
2024-06-16,0.08895941015506233,0.20652925645323625,0.1356973895505376,0.05442026125842841,0.07949890971868998,911_OPCD_L36_S00262|LWIN_ZERO@lambda=36,0.06312133592050143,0.06312134592050123,0.7095520958432237,0.7095522082540386,0.01637756379818875,0.01637757379818855,0.08895941015506233,FULL_QUALIFIED_REFERENCE|STAGE_ERA_MATCHED_REFERENCE|SAME_SEASON_STAGE_REFERENCE
2024-06-23,0.10302488242902752,0.21961107794842008,0.08326774965536285,0.06332980032508907,0.10302488242902752,911_OPCD_L00_S00001|LWIN_ZERO@lambda=0,0.04187818426368133,0.04187819426368124,0.40648611555107245,0.40648621261500173,0.06114668816534628,0.06114669816534619,0.10302488242902752,FULL_QUALIFIED_REFERENCE|STAGE_ERA_MATCHED_REFERENCE|SAME_SEASON_STAGE_REFERENCE
2024-06-30,0.11944444444444441,0.2082524451653339,0.11343230626752264,0.029610338868909646,0.07288723665682678,911_OPCD_L60_S00222|LWIN_ZERO@lambda=60,0.09221097502352901,0.09221098502352908,0.7719988606621035,0.7719989443830344,-0.019323748366702295,-0.01932373836670223,0.11944444444444441,FULL_QUALIFIED_REFERENCE|STAGE_ERA_MATCHED_REFERENCE|SAME_SEASON_STAGE_REFERENCE
2024-07-07,0.1083652811407049,0.17651958005803328,0.1184257963084176,0.05908133019146385,0.1083652811407049,911_OPCD_L00_S00001|LWIN_ZERO@lambda=0,0.0554133439073524,0.055413353907352414,0.5113569892870204,0.5113570815674991,0.052951927233352486,0.0529519372333525,0.1083652811407049,FULL_QUALIFIED_REFERENCE|STAGE_ERA_MATCHED_REFERENCE|SAME_SEASON_STAGE_REFERENCE
2024-07-14,0.12185452162516383,0.20582583450694875,0.1062739894389826,0.06332289021962453,0.08161604709223771,911_OPCD_L00_S00001|LWIN_ZERO@lambda=0,0.04808660670706472,0.059387745244726176,0.39462308058607565,0.4873659545224638,0.02222830184751154,0.03352944038517299,0.12185452162516383,FULL_QUALIFIED_REFERENCE|STAGE_ERA_MATCHED_REFERENCE|SAME_SEASON_STAGE_REFERENCE
2024-07-21,0.10191188493410311,0.20079401938289312,0.15544239403543564,0.06721837330339617,0.09051215322059661,911_OPCD_L36_S00249|LWIN_ZERO@lambda=36,0.07232191845873065,0.07232192845873064,0.7096514651406406,0.709651563264623,0.018190224761865964,0.01819023476186596,0.10191188493410311,FULL_QUALIFIED_REFERENCE|STAGE_ERA_MATCHED_REFERENCE|SAME_SEASON_STAGE_REFERENCE
2024-07-28,0.08620888487765742,0.18740386080872962,0.13032909394676964,0.042738728054431435,0.0764033767976443,911_OPCD_L60_S00243|LWIN_ZERO@lambda=60,0.039991925889320816,0.03999193588932057,0.46389564075762035,0.46389575675494205,0.03641144090832374,0.03641145090832349,0.08620888487765742,FULL_QUALIFIED_REFERENCE|STAGE_ERA_MATCHED_REFERENCE|SAME_SEASON_STAGE_REFERENCE
2024-08-04,0.14006529369808346,0.20882066976203126,0.15758884000303758,0.06711970594726123,0.09500555665969201,911_OPCD_L48_S00361|LWIN_ZERO@lambda=48,0.06852911379768517,0.06852912379768475,0.48926548460607605,0.48926555600134686,0.026476432862007265,0.026476442862006844,0.14006529369808346,FULL_QUALIFIED_REFERENCE|STAGE_ERA_MATCHED_REFERENCE|SAME_SEASON_STAGE_REFERENCE
2024-08-11,0.12041402768003753,0.23860582180661022,0.1327726384136742,0.06554226943179271,0.08678484757423241,911_OPCD_L24_S00373|LWIN_ZERO@lambda=24,0.08718374045582322,0.08718375045582324,0.7240330892965945,0.7240331723433975,-0.00039890288159083465,-0.00039889288159081215,0.12041402768003753,FULL_QUALIFIED_REFERENCE|STAGE_ERA_MATCHED_REFERENCE|SAME_SEASON_STAGE_REFERENCE
2024-08-18,0.0897943214844623,0.19807113097155887,0.09809932250893963,0.05231376587907647,0.08243132483349733,911_OPCD_L60_S00253|LWIN_ZERO@lambda=60,0.053972656823672936,0.05397266682367298,0.6010698219153221,0.6010699332809394,0.028458658009824347,0.02845866800982439,0.0897943214844623,FULL_QUALIFIED_REFERENCE|STAGE_ERA_MATCHED_REFERENCE|SAME_SEASON_STAGE_REFERENCE
2024-08-25,0.12122468218056455,0.2796477679988144,0.14264907272411634,0.0653825242760682,0.12122468218056455,911_OPCD_L00_S00001|LWIN_ZERO@lambda=0,0.08178250845317678,0.08731503033087307,0.6746357835887041,0.7202743596458109,0.03390965184969148,0.03944217372738777,0.12122468218056455,FULL_QUALIFIED_REFERENCE|STAGE_ERA_MATCHED_REFERENCE|SAME_SEASON_STAGE_REFERENCE
2024-09-15,0.116778455749044,0.2549708070915055,0.12057720692918518,0.09284812607918931,0.08325637031267391,911_OPCD_L60_S00253|LWIN_ZERO@lambda=60,0.054914100183661795,0.06953943492405032,0.4702417053850393,0.5954817134548348,0.013716935388623591,0.028342270129012116,0.116778455749044,FULL_QUALIFIED_REFERENCE|STAGE_ERA_MATCHED_REFERENCE|SAME_SEASON_STAGE_REFERENCE
2024-09-22,0.11491666563074932,0.2650560267097912,0.1358312198654491,0.05628773241568117,0.11439448875997102,911_OPCD_L00_S00001|LWIN_ZERO@lambda=0,0.03450853473050293,0.06594295269465934,0.3002918205213671,0.5738328059965427,0.048451536065311676,0.07988595402946809,0.11491666563074932,FULL_QUALIFIED_REFERENCE|STAGE_ERA_MATCHED_REFERENCE|SAME_SEASON_STAGE_REFERENCE
2024-09-29,0.16017163635584686,0.2878607448629617,0.16378464013004937,0.07481581415159945,0.11623300007748939,911_OPCD_L36_S00249|LWIN_ZERO@lambda=36,0.10377611553696164,0.10377612553696144,0.6479056960272693,0.6479057584602945,0.012456874540527949,0.012456884540527749,0.16017163635584686,FULL_QUALIFIED_REFERENCE|STAGE_ERA_MATCHED_REFERENCE|SAME_SEASON_STAGE_REFERENCE
2024-10-06,0.1486068441713603,0.27377304025865523,0.1514868247821592,0.03965925172623766,0.10740272852653715,911_OPCD_L36_S00249|LWIN_ZERO@lambda=36,0.10488723660275912,0.10488724660275908,0.7058035394507968,0.7058036067424484,0.002515481923778068,0.002515491923778035,0.1486068441713603,FULL_QUALIFIED_REFERENCE|STAGE_ERA_MATCHED_REFERENCE|SAME_SEASON_STAGE_REFERENCE
2024-10-13,0.12925677477307915,0.3153246119634559,0.11893097731836241,0.05466056659894316,0.11691492216854542,911_OPCD_L06_S00321|LWIN_ZERO@lambda=6,0.04664214377101512,0.06048586399826071,0.3608487358043648,0.46795120878150176,0.05642905817028471,0.0702727783975303,0.12925677477307915,FULL_QUALIFIED_REFERENCE|STAGE_ERA_MATCHED_REFERENCE|SAME_SEASON_STAGE_REFERENCE
2024-10-20,0.1209397163120567,0.22678907434741158,0.10456976262401037,0.06305617256196747,0.10071564434792492,911_OPCD_L00_S00599|LWIN_ZERO@lambda=0,0.026959647838298427,0.05331819380678952,0.22291806745052511,0.44086587460825827,0.0473974505411354,0.0737559965096265,0.1209397163120567,FULL_QUALIFIED_REFERENCE|STAGE_ERA_MATCHED_REFERENCE|SAME_SEASON_STAGE_REFERENCE
2024-10-27,0.09187323331158946,0.17295687863796452,0.1063470222293509,0.06321079356387489,0.09064011462016178,911_OPCD_L36_S00249|LWIN_ZERO@lambda=36,0.037178283051898714,0.0371782930518988,0.40466936573145307,0.40466947457708446,0.05346182156826298,0.05346183156826306,0.09187323331158946,FULL_QUALIFIED_REFERENCE|STAGE_ERA_MATCHED_REFERENCE|SAME_SEASON_STAGE_REFERENCE
2024-11-03,0.14026553996020602,0.20940465775106237,0.14606019706673276,0.058915074391898754,0.14026553996020602,911_OPCD_L00_S00001|LWIN_ZERO@lambda=0,0.07164036268140068,0.07164037268140042,0.5107481331603285,0.510748204453675,0.0686251672788056,0.06862517727880534,0.14026553996020602,FULL_QUALIFIED_REFERENCE|STAGE_ERA_MATCHED_REFERENCE|SAME_SEASON_STAGE_REFERENCE
2024-11-10,0.10232854147948484,0.2516957781933487,0.07617339913979221,0.05733502379680898,0.08926686650014637,911_OPCD_L36_S00280|LWIN_ZERO@lambda=36,0.047650966547495316,0.06605708952818759,0.4656664295078274,0.6455392461684889,0.02320977697195878,0.04161589995265105,0.10232854147948484,FULL_QUALIFIED_REFERENCE|STAGE_ERA_MATCHED_REFERENCE|SAME_SEASON_STAGE_REFERENCE
2024-11-17,0.10180391435621555,0.17924037131078283,0.09237802814354999,0.06039361909963196,0.08348565015231682,911_OPCD_L00_S00001|LWIN_ZERO@lambda=0,0.050454577882177574,0.050454587882177576,0.4956054804104604,0.4956055786385105,0.033031062270139244,0.033031072270139246,0.10180391435621555,FULL_QUALIFIED_REFERENCE|STAGE_ERA_MATCHED_REFERENCE|SAME_SEASON_STAGE_REFERENCE
2024-12-01,0.1611193502060375,0.287565251339992,0.09069824599006497,0.08126822039256384,0.16049178017227433,911_OPCD_L00_S00561|LWIN_ZERO@lambda=0,0.10056963158077475,0.10056964158077472,0.6241933787106733,0.6241934407764647,0.05992213859149961,0.05992214859149958,0.1611193502060375,FULL_QUALIFIED_REFERENCE|STAGE_ERA_MATCHED_REFERENCE
2024-12-08,0.13059065191039862,0.20952334426956656,0.12513725934894182,0.06971590724291066,0.08068639486549954,911_OPCD_L00_S00665|LWIN_ZERO@lambda=0,0.050248867640938284,0.05169044097288543,0.3847815054588688,0.39582037624217914,0.028995953892614112,0.030437527224561257,0.13059065191039862,FULL_QUALIFIED_REFERENCE|STAGE_ERA_MATCHED_REFERENCE
2024-12-15,0.1478768420063967,0.23185905101864576,0.15308446505356965,0.060964398148676345,0.1478768420063967,911_OPCD_L00_S00001|LWIN_ZERO@lambda=0,0.06177775019968707,0.061777760199687115,0.41776487353587627,0.41776494115971724,0.08609908180670958,0.08609909180670963,0.1478768420063967,FULL_QUALIFIED_REFERENCE|STAGE_ERA_MATCHED_REFERENCE
2024-12-29,0.15014851601390064,0.23687125594877267,0.11150960487027904,0.025912892874376356,0.15014851601390064,911_OPCD_L00_S00001|LWIN_ZERO@lambda=0,0.0,0.07000058356676009,0.0,0.4662089604687101,0.08014793244714055,0.15014851601390064,0.15014851601390064,FULL_QUALIFIED_REFERENCE|STAGE_ERA_MATCHED_REFERENCE
