type_code,present_2025,present_2026,text_hashes_2025,text_hashes_2026,semantic_hash_set_stable,rows_2025,rows_2026
100,True,True,6dc98da111426e562cf7a0adb87eeee786d326f47925a7527fe40a7f8581710c,6dc98da111426e562cf7a0adb87eeee786d326f47925a7527fe40a7f8581710c,True,6412,4042
100C,True,True,bd5394c7992e11ecef7173dde75ca2a0734c35d9bfb2d2dd2dd88e81f68093aa,bd5394c7992e11ecef7173dde75ca2a0734c35d9bfb2d2dd2dd88e81f68093aa,True,34,31
100F,True,True,cb881a2c2c274d0b01e49a73a1c68fbe2b82372292e98ac2519cc8c3e31c9c20,cb881a2c2c274d0b01e49a73a1c68fbe2b82372292e98ac2519cc8c3e31c9c20,True,12,3
100I,True,True,7d155e92e5a4041be3147ee1b03a4c9db13bf328a20d8619147a542719f8ba8f,7d155e92e5a4041be3147ee1b03a4c9db13bf328a20d8619147a542719f8ba8f,True,865,621
100X,True,True,f6faf6a2017573ced2b66602f9cd46825d4e1d15e5bb4c54163335493b7224d3,f6faf6a2017573ced2b66602f9cd46825d4e1d15e5bb4c54163335493b7224d3,True,7,6
102,True,True,595570e57e3cd0164e140395277ee2ce187d0a0839ecad79e798984ed3960462,595570e57e3cd0164e140395277ee2ce187d0a0839ecad79e798984ed3960462,True,126,97
1028,True,True,6cf191574852ebb7287549fa88e9e5d260c792ae1caf4fdfc87ba78698a4119e,6cf191574852ebb7287549fa88e9e5d260c792ae1caf4fdfc87ba78698a4119e,True,6,8
1028NP,True,True,a101b4acdea8708355173edcd92a8d5ec5088a2e46c4971399a7e240e33a455e,a101b4acdea8708355173edcd92a8d5ec5088a2e46c4971399a7e240e33a455e,True,191,112
1028P,True,True,08163c0b2a347d7b783826af29d38b5f363feab602d7311423213b81416897f7,08163c0b2a347d7b783826af29d38b5f363feab602d7311423213b81416897f7,True,13,7
103,True,True,79c4daf74825eb0c333c4c5dc663107fa223b31df52098f888ba2fd51547e987,79c4daf74825eb0c333c4c5dc663107fa223b31df52098f888ba2fd51547e987,True,23641,15143
103D,True,True,deb940ac0ba350231bfbedd40cc48d696f75fdd88737a0ba8da69639468d4d02,deb940ac0ba350231bfbedd40cc48d696f75fdd88737a0ba8da69639468d4d02,True,8568,5489
103F,True,True,23b6a8f399dd913a23fa046fad13ffcb478f75d55795feb487bc851ea983ae78,23b6a8f399dd913a23fa046fad13ffcb478f75d55795feb487bc851ea983ae78,True,1734,968
103M,True,True,604f097e92a3c0ba652e94baf5a42f347b326529a0dc26b8935fb943ba8915e9,604f097e92a3c0ba652e94baf5a42f347b326529a0dc26b8935fb943ba8915e9,True,5137,2930
103MV,True,True,01d84ee3e08b1a50bd185f644caa4ac3a2c7cac9d2ec5feda9ff3060044d4e49,01d84ee3e08b1a50bd185f644caa4ac3a2c7cac9d2ec5feda9ff3060044d4e49,True,32,17
103P,True,True,23e6783b47f8e8fedc54116d1d0e310fadb9dcca633866c9bcc60f9f6f3d88cf,23e6783b47f8e8fedc54116d1d0e310fadb9dcca633866c9bcc60f9f6f3d88cf,True,178,43
1055,True,True,4f0e23b97d1911866e626d1ea6e4e38c6a7e09c09434d0c1748721acfee3658a,4f0e23b97d1911866e626d1ea6e4e38c6a7e09c09434d0c1748721acfee3658a,True,5,10
1055E,True,True,7678465cee92a8bff39affb8169feb488728f1017648a3942ba766dc1a129af0,7678465cee92a8bff39affb8169feb488728f1017648a3942ba766dc1a129af0,True,16,13
1055F,True,True,3848e848087cb038eb165da9e67fa9446b532be935108423afd0702d72cdb080,3848e848087cb038eb165da9e67fa9446b532be935108423afd0702d72cdb080,True,7,2
106,True,True,efc55c5e1d69f3d114059d4838bff1a9285d123b643a38759b82c9e6a5501165,efc55c5e1d69f3d114059d4838bff1a9285d123b643a38759b82c9e6a5501165,True,289,146
107,True,True,dfd04c55545b9f2e27c913384dfea23e8a2d64603adb41700af69d993dabb191,dfd04c55545b9f2e27c913384dfea23e8a2d64603adb41700af69d993dabb191,True,8337,5331
107P,True,True,0ee982d4c49e1bc72049bd66c69c2d274a4b786aefbf7cd50f2f376e45742056,0ee982d4c49e1bc72049bd66c69c2d274a4b786aefbf7cd50f2f376e45742056,True,44,19
107S,True,True,0ee982d4c49e1bc72049bd66c69c2d274a4b786aefbf7cd50f2f376e45742056,0ee982d4c49e1bc72049bd66c69c2d274a4b786aefbf7cd50f2f376e45742056,True,14,4
108,True,True,2d51ed9a49a33ad3a3581986f6c43cc07fba88bbea40a99ddd29cee890697d98,2d51ed9a49a33ad3a3581986f6c43cc07fba88bbea40a99ddd29cee890697d98,True,9,4
110,True,True,382ce16b68a4748c7ded908c6a51203168f8846a7b2ccef1526ed4fe9de7cc76,382ce16b68a4748c7ded908c6a51203168f8846a7b2ccef1526ed4fe9de7cc76,True,1,4
112,True,True,04e3c9a72f0bea62713ff0a9abfe38faa3e8f85244b100cbaab0105049dd48e7,04e3c9a72f0bea62713ff0a9abfe38faa3e8f85244b100cbaab0105049dd48e7,True,2,6
118,True,True,716e0a6d772a3d0022be0b701470f1e0d30aca3f6770ccb4ff0bc52acc287e3f,716e0a6d772a3d0022be0b701470f1e0d30aca3f6770ccb4ff0bc52acc287e3f,True,1,1
17,True,True,602a5e69c3021bdbd3d25156a02d2cbb467605b8203248eea6af3fb42168d663,602a5e69c3021bdbd3d25156a02d2cbb467605b8203248eea6af3fb42168d663,True,40,44
17F,True,True,7a351868582ecadc87adf888e3d7c3bae2f0b81883cde21dfcec5cb1093273db,7a351868582ecadc87adf888e3d7c3bae2f0b81883cde21dfcec5cb1093273db,True,798,547
17J,True,True,1c39b2864011b1222631737ccdbccea268de14dab7e754e6704be62707b9b877,1c39b2864011b1222631737ccdbccea268de14dab7e754e6704be62707b9b877,True,46,73
17M,True,True,7f4ca0af328ec837c4faa5d57fe8b1f494ed989a6202289af2e8c4f0488b0d34,7f4ca0af328ec837c4faa5d57fe8b1f494ed989a6202289af2e8c4f0488b0d34,True,1785,1276
17R,True,True,e11842ac6ffcbf79baf870c913bd306af081306ddedca9f68a43fa43a7463685,e11842ac6ffcbf79baf870c913bd306af081306ddedca9f68a43fa43a7463685,True,32,32
17T,True,True,de7ac9dcc2ecb3fcc4a19b3e06e6394eb7c9a464acaad3ad10f1bba1bc7c9e66,de7ac9dcc2ecb3fcc4a19b3e06e6394eb7c9a464acaad3ad10f1bba1bc7c9e66,True,637,643
18,True,True,c8bfa9694566996db59734ef967054cc524521b8047131b7fd06e7e662ce317a,c8bfa9694566996db59734ef967054cc524521b8047131b7fd06e7e662ce317a,True,16929,12357
18A,True,True,7996b0f681c418dc8e5a11a79fd4705475966e2d1eb34be5a85285a10d9723b4,7996b0f681c418dc8e5a11a79fd4705475966e2d1eb34be5a85285a10d9723b4,True,972,503
18DE,True,True,aa1b06922ea30b60fdd715922738536bf3359b49465ea99a944d45ee4991387e,aa1b06922ea30b60fdd715922738536bf3359b49465ea99a944d45ee4991387e,True,1028,1044
18F,True,True,e565897f5b94b93cf301402faecacca5d7df949c96ed63264631ea3789cb9410,e565897f5b94b93cf301402faecacca5d7df949c96ed63264631ea3789cb9410,True,2,7
18S,True,True,a27c28ac1639ff64513d98d041fcec917a0363ee70e2e2b563920b49b4f56964,a27c28ac1639ff64513d98d041fcec917a0363ee70e2e2b563920b49b4f56964,True,1571,1267
19,True,True,05b8b79eea5088487f0312ab244e3f542eb61d9545791b1a9992975767d6d227,05b8b79eea5088487f0312ab244e3f542eb61d9545791b1a9992975767d6d227,True,35,33
20,True,True,b3dd07cc3378bd52c7971c0f316aa7135dd7fb48f8bdd1bef5394329d022413b,b3dd07cc3378bd52c7971c0f316aa7135dd7fb48f8bdd1bef5394329d022413b,True,11931,7848
20A,True,True,786996961f4e24238ec7ceb5c6f83c92e3f689678a9a1eabfdc70007c09f19c4,786996961f4e24238ec7ceb5c6f83c92e3f689678a9a1eabfdc70007c09f19c4,True,2,1
20C,True,True,7a0ed10bc903729b6cd0cf6a5014b738d8e730048228d4f208566ffe36d335db,7a0ed10bc903729b6cd0cf6a5014b738d8e730048228d4f208566ffe36d335db,True,250,149
20CI,True,True,e3464731f43e600d656447426f9ac8409be1eb1a954c7ff84bdfb0733a8b6c93,e3464731f43e600d656447426f9ac8409be1eb1a954c7ff84bdfb0733a8b6c93,True,12,12
20F,True,True,8c64c635d7325f9c99dbccca9c69c76f62de587ee3377f0996664da9438ec4da,8c64c635d7325f9c99dbccca9c69c76f62de587ee3377f0996664da9438ec4da,True,29,15
20I,True,True,642de836291c200275e2d70891231f837fda6ad1be14d284db524a77f6b3d30c,642de836291c200275e2d70891231f837fda6ad1be14d284db524a77f6b3d30c,True,3518,2411
20X,True,True,72383abd6ae41d9d08d2b3e11a2aae0d5cebb05e09f48b426d3b6cd06d36e83d,72383abd6ae41d9d08d2b3e11a2aae0d5cebb05e09f48b426d3b6cd06d36e83d,True,140,77
20XI,True,True,28d025d313b9cb7045ef3cc61dd91222cf1cacf26f0c9a40f69adee92107b8a1,28d025d313b9cb7045ef3cc61dd91222cf1cacf26f0c9a40f69adee92107b8a1,True,21,18
21,True,True,1878bf997fa89d4ed125aa44670d2fbeb7eeb91033b574bb69a12a65f4401c31,1878bf997fa89d4ed125aa44670d2fbeb7eeb91033b574bb69a12a65f4401c31,True,72655,44550
21AB,True,True,5327a300efa4ac2f89064a681183f09b79398fcbe52acd5b9e8688f007504afd,5327a300efa4ac2f89064a681183f09b79398fcbe52acd5b9e8688f007504afd,True,5,6
21B,True,True,bafd2cc5e5c7f7c8da70893a14d16344946e2358f10ae2804d888392ba79268b,bafd2cc5e5c7f7c8da70893a14d16344946e2358f10ae2804d888392ba79268b,True,3,1
21C,True,True,8c5d0632fb7ae804252eb3f7543b1d7e08a5cff820925bce743a80d5c62daad3,8c5d0632fb7ae804252eb3f7543b1d7e08a5cff820925bce743a80d5c62daad3,True,9,9
21F,True,True,038cfdd2261f1591de0c2b45882506fea6c05d89a3254f661c39cbaee5ce790f,038cfdd2261f1591de0c2b45882506fea6c05d89a3254f661c39cbaee5ce790f,True,193,77
21H,True,True,70d2357016fbd49ab6b47bd084a55eb091b2a486216990801daadb7f926515e0,70d2357016fbd49ab6b47bd084a55eb091b2a486216990801daadb7f926515e0,True,159,807
21J,True,True,0aa8a3817b2be06583404ce776f76c5715320cee4a8f94e93e6f0165b8f0ba36,0aa8a3817b2be06583404ce776f76c5715320cee4a8f94e93e6f0165b8f0ba36,True,776,431
21M,True,True,ba3482c1598305e0418734c50131c8a20169cdb0a74ef4760a920ba3ca2dda11,ba3482c1598305e0418734c50131c8a20169cdb0a74ef4760a920ba3ca2dda11,True,784,479
21MG,True,True,014e591b2ae87d35e6da3442cbe3d22e17b86c61841570e1595774f21e564322,014e591b2ae87d35e6da3442cbe3d22e17b86c61841570e1595774f21e564322,True,37,37
21N,True,True,3df325e686edae50f9dbd4a9633f688ce7b7933f5f8a0dc1a9ea704988167cb6,3df325e686edae50f9dbd4a9633f688ce7b7933f5f8a0dc1a9ea704988167cb6,True,3113,1955
21P,True,True,bc36690cb6a0d1872cd8f46098c1b3cd927654d85c0d821190280afc496c86ff,bc36690cb6a0d1872cd8f46098c1b3cd927654d85c0d821190280afc496c86ff,True,1902,1226
21Q,True,True,ba508ebe30a07c4b8152dd1e7bf93b489bbb0f9a10ba21442ff4bc9c5a23c278,ba508ebe30a07c4b8152dd1e7bf93b489bbb0f9a10ba21442ff4bc9c5a23c278,True,540,457
21R,True,True,a38a3a134afba42632ef70189a494a486b26a4403612daf284200d886d5352f3,a38a3a134afba42632ef70189a494a486b26a4403612daf284200d886d5352f3,True,215,132
21T,True,True,8d810c836f611d4ff38af31ec79f0252b573703b620453f1004e4954fcc508ed,8d810c836f611d4ff38af31ec79f0252b573703b620453f1004e4954fcc508ed,True,5,3
21TEST,True,True,9b4c03de19cd16c794835d69aad437d29f557f7fdf2a043f2d3ae2a51cd6f02f|aaaa0b71b0f03fbeb852a5387f70d1b7cd9a736af677dcb6321b32d5b6358fc3,9b4c03de19cd16c794835d69aad437d29f557f7fdf2a043f2d3ae2a51cd6f02f,False,21,11
22,True,True,89596ce3e7327cdd45dfe4091325f88dbbdad8ddea219ea2b231a6889e1465e5,89596ce3e7327cdd45dfe4091325f88dbbdad8ddea219ea2b231a6889e1465e5,True,31,30
22A,True,True,504196fa60cad44162bf9110dda1b902f31d44690522efaa8342e0ff68e4b642,504196fa60cad44162bf9110dda1b902f31d44690522efaa8342e0ff68e4b642,True,38245,23979
22B,True,True,783229ef1c0094bb2d50b93af3cd02104d5ca749ca0be0bb27106254368cd00f,783229ef1c0094bb2d50b93af3cd02104d5ca749ca0be0bb27106254368cd00f,True,9810,6870
22D,True,True,3145115b00ff95189ba8148ac54262159532239ccc2d221837bec267fbc69ddf,3145115b00ff95189ba8148ac54262159532239ccc2d221837bec267fbc69ddf,True,587,398
22R,True,True,5dfb8e06608253a4bd76c4af2b88f986554fe56d98e0765617eee472bf856d1b,5dfb8e06608253a4bd76c4af2b88f986554fe56d98e0765617eee472bf856d1b,True,500,260
22W,True,True,ddce56f6d049d32d3d8148d985f1b41c175fc9ba8b44286b9e7f4cb96da4149e,ddce56f6d049d32d3d8148d985f1b41c175fc9ba8b44286b9e7f4cb96da4149e,True,35,17
23,True,True,aa4d8ba513aa7c7ed50472ac77feb1f6f7c01f415dc4263580811aee7cff1de2,aa4d8ba513aa7c7ed50472ac77feb1f6f7c01f415dc4263580811aee7cff1de2,True,5,3
24,True,True,948dbde67a8ef961ee8b24e10eac195791e61a4460cc984ce509210979d7539c,948dbde67a8ef961ee8b24e10eac195791e61a4460cc984ce509210979d7539c,True,5235,3526
24C,True,True,98e499ff158bad7453da8033e16f54f962ba9e39f48ff7be96cd8693ab7b9d13,98e499ff158bad7453da8033e16f54f962ba9e39f48ff7be96cd8693ab7b9d13,True,1,4
24K,True,True,ca8d2775701dbc25f6fa54be2eea8b8d04bf0c516805d523e4cdf9a506c60e5d,ca8d2775701dbc25f6fa54be2eea8b8d04bf0c516805d523e4cdf9a506c60e5d,True,58,44
24N,True,True,a3ffef6f12d34bad38ae612ec2dca01f13f40c745ba1096b8fc810b16bcdfebc,a3ffef6f12d34bad38ae612ec2dca01f13f40c745ba1096b8fc810b16bcdfebc,True,22,14
26,True,True,63bdf37f239b91a38054f3410b91ec8da9277fbd9fa9810d3776c1861043f8c1,63bdf37f239b91a38054f3410b91ec8da9277fbd9fa9810d3776c1861043f8c1,True,1,4
27-30,True,True,5e55482c2ad46ab3c3699a7f6171c6449c411f90ae60c5f8244e39ba215063c6,5e55482c2ad46ab3c3699a7f6171c6449c411f90ae60c5f8244e39ba215063c6,True,2,3
27-42,True,True,b802e84752acc52fce73590eca9aa46f7c9618dd6e1442909192d30a1aad2de6,b802e84752acc52fce73590eca9aa46f7c9618dd6e1442909192d30a1aad2de6,True,35,13
27-43,True,True,ce7e31ad58a0cd02189342669ac2587adbdbf361badab5b20b2441fc44e8e702,ce7e31ad58a0cd02189342669ac2587adbdbf361badab5b20b2441fc44e8e702,True,23,13
27-44,True,True,09063dbeb0ec4dd6d32ea8b8791d117835c2349c4206cf7d04b77bb27cda0e58,09063dbeb0ec4dd6d32ea8b8791d117835c2349c4206cf7d04b77bb27cda0e58,True,3,4
27-52,True,True,99b38e032ae78985dcaf1f0d92962944698b03d7237188764efa949662d5d023,99b38e032ae78985dcaf1f0d92962944698b03d7237188764efa949662d5d023,True,2,1
27-62,True,True,4c08ca29b1c5dcd97d997cd62b644cfc91535366264fd627a2064083aba8fa1f,4c08ca29b1c5dcd97d997cd62b644cfc91535366264fd627a2064083aba8fa1f,True,27,16
27-62C,True,True,93b6db53c26415ac8b3a60da101f02cbae0425df737a92c13191c4e1de796610,93b6db53c26415ac8b3a60da101f02cbae0425df737a92c13191c4e1de796610,True,20,17
27-64,True,True,e749e355b5a7f587ba2aa3e996fc9e97bf63430d0ea7a1e2dc152bb13f8e968b,e749e355b5a7f587ba2aa3e996fc9e97bf63430d0ea7a1e2dc152bb13f8e968b,True,12,2
27-64J,True,True,73f63c7f011256e2b4f701267ac9b336cbd72fcbb14f311bb80eeeefb1e15185,73f63c7f011256e2b4f701267ac9b336cbd72fcbb14f311bb80eeeefb1e15185,True,8,5
27-65,True,True,558e9e8ff1b792f2f05053ef7d455279c3ba19e5f51f702289f5b709868a6f47,558e9e8ff1b792f2f05053ef7d455279c3ba19e5f51f702289f5b709868a6f47,True,8,4
27-65J,True,True,060b70aeae4c2904bc0cc2ebc6b7bdb3b8872b8f969094bb37b6d5aa53d55050,060b70aeae4c2904bc0cc2ebc6b7bdb3b8872b8f969094bb37b6d5aa53d55050,True,3,1
27-67,True,True,5b84370406724ff4d1c9d334d0380ea670f7bf7e0dbe72e66fc0d8d4bd9d4808,5b84370406724ff4d1c9d334d0380ea670f7bf7e0dbe72e66fc0d8d4bd9d4808,True,43,25
27-67A,True,True,5fd2af70ec1f1247d67f1ede5bdd34565b87d4ee8cd68ced125fc96f8ddcd7b8,5fd2af70ec1f1247d67f1ede5bdd34565b87d4ee8cd68ced125fc96f8ddcd7b8,True,633,366
27-67C,True,True,fca6bd21373145dc532a9d42ed26ca2ecf4f94b9e9ad413ffa00e2dbbd52980f,fca6bd21373145dc532a9d42ed26ca2ecf4f94b9e9ad413ffa00e2dbbd52980f,True,6,3
283,True,True,16b9958cb6307ec24481b469b6347d4a013d645aa5422fa0de4156c363b1b2f9,16b9958cb6307ec24481b469b6347d4a013d645aa5422fa0de4156c363b1b2f9,True,108,69
284,True,True,4875bb23c1a012d984eb0b8aa308ca4c5e1360fc9b09290d23c2442de725e187,4875bb23c1a012d984eb0b8aa308ca4c5e1360fc9b09290d23c2442de725e187,True,3,1
29,True,True,52c8e02987ccb1b0eef9c7c966aebf03c92a159aafda37fbcf03f4838dbcd48d,52c8e02987ccb1b0eef9c7c966aebf03c92a159aafda37fbcf03f4838dbcd48d,True,747,459
29S,True,True,5304378d007825ccb10495d27c4dbddbcc77040639b83e69bda4ebea0703cfbd,5304378d007825ccb10495d27c4dbddbcc77040639b83e69bda4ebea0703cfbd,True,32,21
29SA,True,True,55516a5e763c91da93a5f93d4a9351cb2649de982552f9bdfa33c6ab9d57fcfb,55516a5e763c91da93a5f93d4a9351cb2649de982552f9bdfa33c6ab9d57fcfb,True,334,253
29ST,True,True,4843f58331a0b9ffea002665e6cde68d6eee733238ddca05c938ec16b1725fe9,4843f58331a0b9ffea002665e6cde68d6eee733238ddca05c938ec16b1725fe9,True,1089,702
29U,True,True,b48bb2027879525fccf51aa6a180d39a56ed9c9ce29c06c846477ee0c3b4e341,b48bb2027879525fccf51aa6a180d39a56ed9c9ce29c06c846477ee0c3b4e341,True,206,147
30,True,True,aec0429f74f78f3a5b9fb5def3213efda3d86e12f93a680f40366586effa7f03,aec0429f74f78f3a5b9fb5def3213efda3d86e12f93a680f40366586effa7f03,True,7,6
30C,True,True,e15a83b8ca814de0377178f8d05345fde129bf059dd30d43d6b3081c38c0f316,e15a83b8ca814de0377178f8d05345fde129bf059dd30d43d6b3081c38c0f316,True,7,1
30S,True,True,3f92448382b95c18bcbc93f80e5370bc3007e3d3f4c5b2e4a502d03f2a1e5fa2,3f92448382b95c18bcbc93f80e5370bc3007e3d3f4c5b2e4a502d03f2a1e5fa2,True,83,36
34,True,True,9bf3cb135426d024d848176972619ff21f011a8198779e3ca39e403e76004747,9bf3cb135426d024d848176972619ff21f011a8198779e3ca39e403e76004747,True,253,196
34C,True,True,64c26484cdce2d5dcea32077a2a3252a860a2013e510fda07df693cfa17ecf65,64c26484cdce2d5dcea32077a2a3252a860a2013e510fda07df693cfa17ecf65,True,265,162
34D,True,True,6d5cee2b27db5b38e6dfccca9f44c6114af94ed419270811e1f964f402cec000,6d5cee2b27db5b38e6dfccca9f44c6114af94ed419270811e1f964f402cec000,True,60,38
34S,True,True,5a446326b8e0589c2814bd110472ba532784830e94daa7f83d4254488668668e,5a446326b8e0589c2814bd110472ba532784830e94daa7f83d4254488668668e,True,347,183
35,True,True,b12b091070e2465a37951036d24f96e19370705b4114726564d7824e4662e7d6,b12b091070e2465a37951036d24f96e19370705b4114726564d7824e4662e7d6,True,4180,2736
35D,True,True,52779461ed3fe46f2ec6087236929f7b5e7a9475ea7891f9b2ef8a81553b94cb,52779461ed3fe46f2ec6087236929f7b5e7a9475ea7891f9b2ef8a81553b94cb,True,3081,2056
37,True,True,d025e7f9691b86a70260c912362d44c8d1a8f06dd3e49479b1a892beb077a67f,d025e7f9691b86a70260c912362d44c8d1a8f06dd3e49479b1a892beb077a67f,True,844,492
37D,True,True,58d8f833f643f70bde4aebc1ae563a8d350ae04e3bfdbd4b89c6c67c81cfa5fc,58d8f833f643f70bde4aebc1ae563a8d350ae04e3bfdbd4b89c6c67c81cfa5fc,True,211,150
38,True,True,6d1b6a271891618784a93e78c4111f779b279f04ecdb0c285929a50460996e4c,6d1b6a271891618784a93e78c4111f779b279f04ecdb0c285929a50460996e4c,True,237,106
38D,True,True,3f75e3cff575f190301fb60691f0d3eb374a5669e5496d5764752d09d95039cf,3f75e3cff575f190301fb60691f0d3eb374a5669e5496d5764752d09d95039cf,True,67,43
39,True,True,4f7213d9e45b07c6b9ee5aa1b45ca9d361d12aa1a5e4a65e8baf2ca20b9b6ef1,4f7213d9e45b07c6b9ee5aa1b45ca9d361d12aa1a5e4a65e8baf2ca20b9b6ef1,True,9,5
40,True,True,b39dc483cb6f769c288e0943869ae923d9a7a3fc92ebe0838091f23c3d1ce90e,b39dc483cb6f769c288e0943869ae923d9a7a3fc92ebe0838091f23c3d1ce90e,True,10,5
42,True,True,31c2f66f5401dffbd10ac784a3ebf9b929dc8bad9670975c0fbaadc1ac1dcf68,31c2f66f5401dffbd10ac784a3ebf9b929dc8bad9670975c0fbaadc1ac1dcf68,True,318,174
42O,True,True,76819f39e88176a0cd8d3e243d25cae33b7ef7b9ea3c2a74a701ca1b08f29631,76819f39e88176a0cd8d3e243d25cae33b7ef7b9ea3c2a74a701ca1b08f29631,True,26,21
42U,True,True,ce28245faa9a2d23a0e39f96affb1eba39af091256dee9a2892dd2eafa37e38e,ce28245faa9a2d23a0e39f96affb1eba39af091256dee9a2892dd2eafa37e38e,True,14,21
43,True,True,d275b5b155f8a2da458088bbd130156205d1949dc64ce3adb435f5e1a237f1ce,d275b5b155f8a2da458088bbd130156205d1949dc64ce3adb435f5e1a237f1ce,True,333,254
43B,True,True,a45e58e7d548b2843b0cfa717b625bc7390eec5061a53439fd4a07d4fa493717,a45e58e7d548b2843b0cfa717b625bc7390eec5061a53439fd4a07d4fa493717,True,231,107
43BO,True,True,d6fdcd1458a5310337aef8bc51cb20a18266d37a31effb02b17dcfbd2f00611c,d6fdcd1458a5310337aef8bc51cb20a18266d37a31effb02b17dcfbd2f00611c,True,9,5
43I,True,True,b3bb56358e1ca8e24982fcf9bace479b542c9eec3e1aa515f6a20f7ab022ae2f,b3bb56358e1ca8e24982fcf9bace479b542c9eec3e1aa515f6a20f7ab022ae2f,True,3,3
43MB,True,True,00859d5cbd63813d1a99e1820c43fb22d6c7b1512dfda16711014334c90c3847,00859d5cbd63813d1a99e1820c43fb22d6c7b1512dfda16711014334c90c3847,True,66,55
43O,True,True,83a8cfea70e0fcab8e54a8c793aca97335d7ee89bb429b9a8ac1f187187a37d3,83a8cfea70e0fcab8e54a8c793aca97335d7ee89bb429b9a8ac1f187187a37d3,True,9,11
43U,True,True,62f29b69e947221d3cf406291a31f1b9de1a3571da210a57d81a8aba1fa1c363,62f29b69e947221d3cf406291a31f1b9de1a3571da210a57d81a8aba1fa1c363,True,5,7
44,True,True,6243f36e931bff00b6076db42b5409b9e4b7dc750fcfd9e0263d517530dc48f2,6243f36e931bff00b6076db42b5409b9e4b7dc750fcfd9e0263d517530dc48f2,True,55,19
44B,True,True,2c0b04a7f7341b41789ddfd4b8e22416f878b1a3ddeec310224233ce2c785760,2c0b04a7f7341b41789ddfd4b8e22416f878b1a3ddeec310224233ce2c785760,True,1,3
44H,True,True,168a7919f6e53480cf18337a2fd1a0dc713f7aa6c5872da905fe234cc304a54a,168a7919f6e53480cf18337a2fd1a0dc713f7aa6c5872da905fe234cc304a54a,True,18,12
45,True,True,b087f649531b41d7cc3908fae5d38edea8bbcf115a3d1b4b1942530eccdec2ac,b087f649531b41d7cc3908fae5d38edea8bbcf115a3d1b4b1942530eccdec2ac,True,8,9
45D,True,True,a1d84e085e307204b9a8de11326d3ff2083da2dff2849105548ca7dbac9ffc50,a1d84e085e307204b9a8de11326d3ff2083da2dff2849105548ca7dbac9ffc50,True,43,34
46,True,True,8c59714dc636669fb42612a18a3ae668ab712fdbd9496dd87123d4f4467748fd,8c59714dc636669fb42612a18a3ae668ab712fdbd9496dd87123d4f4467748fd,True,65,57
51,True,True,05cd27374394a1cabdc168b6186cae38bd83ceee255ea35ca0135179decbca6a,05cd27374394a1cabdc168b6186cae38bd83ceee255ea35ca0135179decbca6a,True,13,17
51B,True,True,cb8f589e8912dbcdfc9d6cb31a256f8ccc90661079fefa736591a3362fbf5a49,cb8f589e8912dbcdfc9d6cb31a256f8ccc90661079fefa736591a3362fbf5a49,True,28,31
52,True,True,b315c421372e6f7b7b34ad0e4f2d834192c026aa61d4b72d99408f4602540cbc,b315c421372e6f7b7b34ad0e4f2d834192c026aa61d4b72d99408f4602540cbc,True,32,21
52E,True,True,4e33d57d8955b3138a0c0e71822fdb227c5de4a585022f3355c2a72a52adb4c8,4e33d57d8955b3138a0c0e71822fdb227c5de4a585022f3355c2a72a52adb4c8,True,3,3
52F,True,True,dc9f28b12dd1818ee42ffc92ecb940386214598837348d30d3c6c0b7b57e34c9,dc9f28b12dd1818ee42ffc92ecb940386214598837348d30d3c6c0b7b57e34c9,True,271,140
542,True,True,7d346bdb467947c29aa869a58e1fff9e516a8c2041f6b12a3fa1932ce3c41785,7d346bdb467947c29aa869a58e1fff9e516a8c2041f6b12a3fa1932ce3c41785,True,808,105
55,True,True,287aa6ddb34864143f9ba49d361f6711b43852a717c0c3474f878a3b7f3cd602,287aa6ddb34864143f9ba49d361f6711b43852a717c0c3474f878a3b7f3cd602,True,85,45
56,True,True,f709f9c08520bef07858b7dcaee8ec8c2f25548f1c180b96bf3a8ce73eb47ac9,f709f9c08520bef07858b7dcaee8ec8c2f25548f1c180b96bf3a8ce73eb47ac9,True,2624,1646
56D,True,True,e7433e4e73ebd948eb8f790cbb2ef792244aab85aeb4bc61bcea4c072f026a3d,e7433e4e73ebd948eb8f790cbb2ef792244aab85aeb4bc61bcea4c072f026a3d,True,387,210
58,True,True,a053586c46c8b143613bc3c043f6f783880c24afa4389466bc9dddea7aa7ced2,a053586c46c8b143613bc3c043f6f783880c24afa4389466bc9dddea7aa7ced2,True,13923,10298
58R,True,True,c218353f04f352de0a44e9408ae6d9f36851ae399e4b4476e077cad17b85d1f4,c218353f04f352de0a44e9408ae6d9f36851ae399e4b4476e077cad17b85d1f4,True,1164,609
59,True,True,72271f7a83c6e55cbbf80009147edf1810dfbc45b6fcff7502ecd8effa4a2cce,72271f7a83c6e55cbbf80009147edf1810dfbc45b6fcff7502ecd8effa4a2cce,True,89,58
59D,True,True,b0f120a184d83939513a5ac5ee41bdf5b07a08963c66fab7dcc71dadd92d117d,b0f120a184d83939513a5ac5ee41bdf5b07a08963c66fab7dcc71dadd92d117d,True,2,2
60,True,True,2a2229bb07088abf2479ae71ee15a2d3b0d9925d8196409c94a5b192f0aeb2b9,2a2229bb07088abf2479ae71ee15a2d3b0d9925d8196409c94a5b192f0aeb2b9,True,68,47
60D,True,True,560da27ed403ea6ec31b8e652d9d8278a322e3e8bd36b4f74ffbac49e652ecb5,560da27ed403ea6ec31b8e652d9d8278a322e3e8bd36b4f74ffbac49e652ecb5,True,38,19
62,True,True,ebdcea864e3da8b046a6bbb765930d71e04d1c83a5ba6a1e69af25411de81a45,ebdcea864e3da8b046a6bbb765930d71e04d1c83a5ba6a1e69af25411de81a45,True,446,255
62A,True,True,1383d5a499665a71ea839cadd741289f9636f6554b3716cb202b61eca01b52cc,1383d5a499665a71ea839cadd741289f9636f6554b3716cb202b61eca01b52cc,True,16196,9197
62AB,True,True,e84811de6bba934a94276f4f27f69ab545a9be74e99bb555270b566b89fb5040,e84811de6bba934a94276f4f27f69ab545a9be74e99bb555270b566b89fb5040,True,3,10
62ANR,True,True,72819e9a299616bcffd85dfbc79adcb326fb85d9a61cf2c18b2209693e5d238f,72819e9a299616bcffd85dfbc79adcb326fb85d9a61cf2c18b2209693e5d238f,True,786,399
62B,True,True,ed4f5c478cc342a2dd655d7fb2f16af61d89f64332393be63432b5f3305d266d,ed4f5c478cc342a2dd655d7fb2f16af61d89f64332393be63432b5f3305d266d,True,387,224
62C,True,True,dcc2acbc326f7c3b32bb859c584f8c50befc6b5f547c1b8b6ed1131aeda4ea23,dcc2acbc326f7c3b32bb859c584f8c50befc6b5f547c1b8b6ed1131aeda4ea23,True,2607,1607
62D,True,True,33631110afd6be551f605d14cc676e5712a02cc005045f769e36d6459c3093a2,33631110afd6be551f605d14cc676e5712a02cc005045f769e36d6459c3093a2,True,19,9
62H,True,True,f1ae8d0b4cb4b70f23bea04609b74833907596d157bea6a3c6ccbabfc4b32a0d,f1ae8d0b4cb4b70f23bea04609b74833907596d157bea6a3c6ccbabfc4b32a0d,True,18,21
62L,True,True,1ef422b53d15b46e0af60d61804f5c40fa99cc366eb1484f1e672f702d50f2bd,1ef422b53d15b46e0af60d61804f5c40fa99cc366eb1484f1e672f702d50f2bd,True,194,163
62R,True,True,773fadedb8a509582c74983c642cc69b20807a14495f92ba54eb4864467a4921,773fadedb8a509582c74983c642cc69b20807a14495f92ba54eb4864467a4921,True,939,536
63,True,True,227c42310d1b2220c59b39347f59e0348c28df0754cbeea077ce0161439d915d,227c42310d1b2220c59b39347f59e0348c28df0754cbeea077ce0161439d915d,True,2983,1904
63P,True,True,23e6783b47f8e8fedc54116d1d0e310fadb9dcca633866c9bcc60f9f6f3d88cf,23e6783b47f8e8fedc54116d1d0e310fadb9dcca633866c9bcc60f9f6f3d88cf,True,2,1
64,True,True,3fb4ec1bda52a3930b8a17025cfe181e9d416ea4ca63db4bc021b8d7448978d4,3fb4ec1bda52a3930b8a17025cfe181e9d416ea4ca63db4bc021b8d7448978d4,True,61,43
64A,True,True,89da4ae61867938f0659fc339c4b6abcdd266664de14335c69759870fa37b54d,89da4ae61867938f0659fc339c4b6abcdd266664de14335c69759870fa37b54d,True,1887,1140
64AB,True,True,4088fa0c0bbe823f0c0f2a61624772ee147c000cef64606cf21d28e4e0e54551,4088fa0c0bbe823f0c0f2a61624772ee147c000cef64606cf21d28e4e0e54551,True,1,2
64G,True,True,93bc88d296f8003a781c0e291036c405695791ffd622191d9ab457a1851337d0,93bc88d296f8003a781c0e291036c405695791ffd622191d9ab457a1851337d0,True,188,119
64J,True,True,37f58d7ebcbb5d37e41d5c5f4c1be3c99ff018ac93a37742e2a329b7cfed49b6,37f58d7ebcbb5d37e41d5c5f4c1be3c99ff018ac93a37742e2a329b7cfed49b6,True,54,39
64K,True,True,6835c4e8ea15418717e374c22c3d6f95f471f2b8ff28636d0432b5a8eb8d84b5,6835c4e8ea15418717e374c22c3d6f95f471f2b8ff28636d0432b5a8eb8d84b5,True,26,6
65,True,True,81e7d4f9964d4a9fda0949038e9b52dc7bcda9bafb91ecc57074f5fdb19e7a33,81e7d4f9964d4a9fda0949038e9b52dc7bcda9bafb91ecc57074f5fdb19e7a33,True,241,136
65J,True,True,3f4df6e80e0639639d963c1b2b176679865cf2323840b38dc2b8e77882fce73d,3f4df6e80e0639639d963c1b2b176679865cf2323840b38dc2b8e77882fce73d,True,22,10
65P,True,True,d317ceb76c6068f704d2ff6431bb88e1fa4daee525fa186171b4bc7eee2183cf,d317ceb76c6068f704d2ff6431bb88e1fa4daee525fa186171b4bc7eee2183cf,True,39,20
66,True,True,2c95ff23a757ea80017597647f760ad1422d6a3f43988755e9d56f184b5d82b2,2c95ff23a757ea80017597647f760ad1422d6a3f43988755e9d56f184b5d82b2,True,1768,1061
66D,True,True,f9bb050940c33a0f292d791096db38c37da0ef264274d6bcfdc22f538ccffbde,f9bb050940c33a0f292d791096db38c37da0ef264274d6bcfdc22f538ccffbde,True,89,62
67,True,True,2daf5a7240150afc0b2265a2237d0b6edcb714dd7f88283525716581c2cf1f3e,2daf5a7240150afc0b2265a2237d0b6edcb714dd7f88283525716581c2cf1f3e,True,4204,2785
67A,True,True,84355290b2f787d8c97fa373dae897eaaeca5d80996f8fa922a31b49d244c180,84355290b2f787d8c97fa373dae897eaaeca5d80996f8fa922a31b49d244c180,True,3113,1959
67AR,True,True,254f6679daf413f1771b8fcfc29503a62263df56845f97ec8d14713e6073625c,254f6679daf413f1771b8fcfc29503a62263df56845f97ec8d14713e6073625c,True,204,147
67B,True,True,31750b44d266379bd9426aee9b69d09d1c75b1780926f4b1f91c19001646a77f,31750b44d266379bd9426aee9b69d09d1c75b1780926f4b1f91c19001646a77f,True,270,157
67C,True,True,106d6fb0dc216f11e080e1cd6a5093fba14dd2adfd1254f690a8cebb77254b69,106d6fb0dc216f11e080e1cd6a5093fba14dd2adfd1254f690a8cebb77254b69,True,315,303
67D,True,True,492b8e3732ccecdf3e87bb178e3d5c6849fbe3f9146f869b9fb86206559c5f8c,492b8e3732ccecdf3e87bb178e3d5c6849fbe3f9146f869b9fb86206559c5f8c,True,102,49
67E,True,True,f3de6375c3d199834624c105e8aec4ac6390a479da181292d8facccd94498b68,f3de6375c3d199834624c105e8aec4ac6390a479da181292d8facccd94498b68,True,39,39
67F,True,True,4d920aba6c2a9a20fb04d9a46b0810f8fb4895da43df1634290bc66695b29dc4,4d920aba6c2a9a20fb04d9a46b0810f8fb4895da43df1634290bc66695b29dc4,True,1585,1060
67P,True,True,afc82785f04e1196f5154573434cbf1f2006d130b3add94b1f0974de6cff1850,afc82785f04e1196f5154573434cbf1f2006d130b3add94b1f0974de6cff1850,True,165,116
67S,True,True,850f80a4cf8d8fbf88c8ecec034602d0faa2635f1230aebc7823d399c49bcf65,850f80a4cf8d8fbf88c8ecec034602d0faa2635f1230aebc7823d399c49bcf65,True,2722,1750
68,True,True,1f7fa124b7e2070c20208a428eeb99ba398b143e423586c150e1cb0b9b4ec7cc,1f7fa124b7e2070c20208a428eeb99ba398b143e423586c150e1cb0b9b4ec7cc,True,299,169
69,True,True,7117c0e1cec907a9814d73c71b89e63bea2c80851d8ba644e20efdc429166570,7117c0e1cec907a9814d73c71b89e63bea2c80851d8ba644e20efdc429166570,True,45,68
71,True,True,cb9d3f5d1964e26ccb0db904c7736c997bb3a364b2c49af8973c9502c9198626,cb9d3f5d1964e26ccb0db904c7736c997bb3a364b2c49af8973c9502c9198626,True,1,4
72,True,True,2a355d87d5fe8d3cec7761683fe00ca61556b5ebad144392c4ac42c65ca3a75c,2a355d87d5fe8d3cec7761683fe00ca61556b5ebad144392c4ac42c65ca3a75c,True,16,10
78,True,True,554c658faf9942aaa49263bfe4a20a3191fc2907cac78da607b8a30cc3e76fd5,554c658faf9942aaa49263bfe4a20a3191fc2907cac78da607b8a30cc3e76fd5,True,2,2
79,True,True,8dab9de26371ad3784bfdcd5dbaaa4a98706fd50e0931c30bc19f771789b9b69,8dab9de26371ad3784bfdcd5dbaaa4a98706fd50e0931c30bc19f771789b9b69,True,568,369
81,True,True,c58a4138e862b2cc830cd3940d9dabddf1fbc6f2f5efeb830ce272c807be90a2,c58a4138e862b2cc830cd3940d9dabddf1fbc6f2f5efeb830ce272c807be90a2,True,607,462
81S,True,True,908ada823720127cf28f41f092efaea52d1bd2e177927145920c3a1107f928d1,908ada823720127cf28f41f092efaea52d1bd2e177927145920c3a1107f928d1,True,14,13
82,True,True,c91d7a2081dc6d69a99ed50c26f77cdbd19aa501a2360deeba5b8ccfe19ac9b7,c91d7a2081dc6d69a99ed50c26f77cdbd19aa501a2360deeba5b8ccfe19ac9b7,True,28,34
89,True,True,5aafb2b2a71df4c572ef18200c26d9da9f253c3dbe18714342f096eec484420d,5aafb2b2a71df4c572ef18200c26d9da9f253c3dbe18714342f096eec484420d,True,2,2
90,True,True,e440a8e6372f5bda794863672e4e59750d5c9dde44e192e6fb40b0b2279d6ce2,e440a8e6372f5bda794863672e4e59750d5c9dde44e192e6fb40b0b2279d6ce2,True,3,2
911,True,True,76cd219ee2aad3b10777def081e86e7159b5a7ed5fe82f5f8bede6e5899c7fa0,76cd219ee2aad3b10777def081e86e7159b5a7ed5fe82f5f8bede6e5899c7fa0,True,14,2
92,True,True,d5558db17d84ceaaad22c59e289c4115c7da4450170c0056d5b35a5325b4920e,d5558db17d84ceaaad22c59e289c4115c7da4450170c0056d5b35a5325b4920e,True,9,4
94,True,True,5a453358e8a23dc7a558075dfeefdc9dbe6ff99f7127ad4cc1cfcf977b47b909,5a453358e8a23dc7a558075dfeefdc9dbe6ff99f7127ad4cc1cfcf977b47b909,True,2102,1196
94F,True,True,0caee180da9d0f3f29af4cd0013dc302f229b87ff05b2697f8700f592fb3a955,0caee180da9d0f3f29af4cd0013dc302f229b87ff05b2697f8700f592fb3a955,True,192,130
94S,True,True,4ea8aa48c77aa22fed4aaeb1209084a0f352d340d60d0c6b2c05c590cf5f6475,4ea8aa48c77aa22fed4aaeb1209084a0f352d340d60d0c6b2c05c590cf5f6475,True,868,323
95,True,True,a96785d508b112cba4cc41c23f506c62b61929d251dbd792cb70a4b9d540d4fb,a96785d508b112cba4cc41c23f506c62b61929d251dbd792cb70a4b9d540d4fb,True,59,65
95G,True,True,53adccd0cdbb971393829a6407837a8d527ca94310ab330e8c0af3f32bf60c8e,53adccd0cdbb971393829a6407837a8d527ca94310ab330e8c0af3f32bf60c8e,True,203,117
95K,True,True,3fa9a6c368162c186735f1f26b9ff8c7d3f9736599e1210e0c595a5f1714d1f1,3fa9a6c368162c186735f1f26b9ff8c7d3f9736599e1210e0c595a5f1714d1f1,True,16,18
966,True,True,bdb01880b9a8bd657824aa6cae5cd024d71813efe3583c8b3f151b8752e46a05,bdb01880b9a8bd657824aa6cae5cd024d71813efe3583c8b3f151b8752e46a05,True,1140,735
98,True,True,cc763cf0dcb04e7ce53d8880fb60e19ddcfb1f463e5673aa5b499ed0c9817907,cc763cf0dcb04e7ce53d8880fb60e19ddcfb1f463e5673aa5b499ed0c9817907,True,275,188
99,True,True,7567495fded6310f8cb6e41d74e9039c49db1cef5c92d41cbfb9267ed818b995,7567495fded6310f8cb6e41d74e9039c49db1cef5c92d41cbfb9267ed818b995,True,2074,1369
ACCHX,True,True,d6c7937c3042fce5f179dfec5ea897efd9afc4d21756db9ba47c8a35adc47dbf,d6c7937c3042fce5f179dfec5ea897efd9afc4d21756db9ba47c8a35adc47dbf,True,2,1
ALRMCB,True,True,d567420b0f6e8bbe3fe92bfc0b7bee8915cc756f58452273e0f6301191c9572a,d567420b0f6e8bbe3fe92bfc0b7bee8915cc756f58452273e0f6301191c9572a,True,35,20
AREACK,True,True,504196fa60cad44162bf9110dda1b902f31d44690522efaa8342e0ff68e4b642,504196fa60cad44162bf9110dda1b902f31d44690522efaa8342e0ff68e4b642,True,1389,273
BUSCK,True,True,783229ef1c0094bb2d50b93af3cd02104d5ca749ca0be0bb27106254368cd00f,783229ef1c0094bb2d50b93af3cd02104d5ca749ca0be0bb27106254368cd00f,True,517,269
DIRECTP,True,True,3145115b00ff95189ba8148ac54262159532239ccc2d221837bec267fbc69ddf,3145115b00ff95189ba8148ac54262159532239ccc2d221837bec267fbc69ddf,True,4,2
INVP,True,True,eb0af7ed6fa70e816c525671418325b54423d4ff6d7e2d32ffd04b867a940753,eb0af7ed6fa70e816c525671418325b54423d4ff6d7e2d32ffd04b867a940753,True,12,1
MISC,True,True,d88c30015decf26a93cb63ab3c740f772bf9059e5c48e19019a9b8e66f8c6f3e,d88c30015decf26a93cb63ab3c740f772bf9059e5c48e19019a9b8e66f8c6f3e,True,3215,1649
NOPD,True,True,52a0269f4c9fb16317aa491f0202897efa6485c337873273519c7e6235469628,52a0269f4c9fb16317aa491f0202897efa6485c337873273519c7e6235469628,True,656,457
OFFCHK,True,True,b17eb81fbee8e954e479bdb943e26cd797f9edfd5c1808f3ff938f7a1bf6092d,b17eb81fbee8e954e479bdb943e26cd797f9edfd5c1808f3ff938f7a1bf6092d,True,1,2
RESCK,True,True,5dfb8e06608253a4bd76c4af2b88f986554fe56d98e0765617eee472bf856d1b,5dfb8e06608253a4bd76c4af2b88f986554fe56d98e0765617eee472bf856d1b,True,55,57
SRO,True,True,8aab1f1a1c01b03d186696a2553d6dba0ca60a9815daaa7afa6badb7502e370b,8aab1f1a1c01b03d186696a2553d6dba0ca60a9815daaa7afa6badb7502e370b,True,7,3
TOW,True,True,07a1be60bb09dbabbccafdd251917fdc1a2fe4066748c66b305a79932b38d1d0,07a1be60bb09dbabbccafdd251917fdc1a2fe4066748c66b305a79932b38d1d0,True,5818,4712
TS,True,True,bc1de5f35a96adbaa2146ed0703c8997e4271e1e2ba0aeefe093fbbe60bf250d,bc1de5f35a96adbaa2146ed0703c8997e4271e1e2ba0aeefe093fbbe60bf250d,True,3665,294
TSNP,True,True,40cb1a1ecbb4ebebb2aeb8c3580166075de51b4469573b3d60264e9aa1ad5f1d,40cb1a1ecbb4ebebb2aeb8c3580166075de51b4469573b3d60264e9aa1ad5f1d,True,5,1
100CI,True,False,516313eeb4716d0a27ab43d61cbee554fb4dd0c90ddd6dffcf38523fafba81e8,,False,3,0
107U,True,False,423ba9e135dea65829931d9d69b9140525cd0d6235c623b88f9953cce4688096,,False,4,0
110E,True,False,f267ff594ce4eb8c1b505b1325378223a7a30327810acac2c8d696aa059dc4e5,,False,2,0
18AB,True,False,5327a300efa4ac2f89064a681183f09b79398fcbe52acd5b9e8688f007504afd,,False,1,0
21S,True,False,1bb4342122be82358017bc17caad6bd9f714aaa81d226bea86c06f8906d6d4da,,False,1,0
21U,True,False,b9978f84e4f3fd22e8aad7ebdc22ee7d5942999d4467a0b72db92d59631ea131,,False,1,0
27-45,True,False,c778201c21ccc21ae4f3e26c4007239bde9b51c3e5b8ae64adf89260b1dc47f7,,False,1,0
283O,True,False,2d0991708e3cecadc95136a71c0d6f589e119fe17ada0371ccfd593d089ace11,,False,1,0
42M,True,False,f773288d83f0546a3ac790ec6c64177cea07eaaeb952d1d00235789c4282c218,,False,1,0
62AR,True,False,7c18d3c77e4805d3836faf900eb317b13848c5ab682e65674929fd3c5bf4b530,,False,5,0
64AR,True,False,b789b95e985e32b27836361621e1d91ab871b9be01488b920851e6e0e52132fc,,False,1,0
83,True,False,f7ce9a0ea6a47b570be47a28a7f742fb695b3983099cb68b5aa20f92f478c3c8,,False,1,0
84,True,False,0018925bcc5f602c875b0b3065593bd57e7caff809217748b2a31fd1a38d5de4,,False,1,0
91,True,False,52e755ec60fc19b7e55c48a5a780220b2d4e410ba1f7dc5e149f425e88208e8d,,False,1,0
COURT,True,False,a2f89e6fe92debe338cf2e2ff6f5e24c1183cbc24040caf377dbf85522cb2ce4,,False,1,0
QOLIFE,True,False,bd7fdc27399cd3b8fba6cb71c91bb9114062b0a0bcf73d8be6f576393de09ef2,,False,1,0
WALKBT,True,False,ddce56f6d049d32d3d8148d985f1b41c175fc9ba8b44286b9e7f4cb96da4149e,,False,1,0
100XI,False,True,,3ee983b6483d972627d26a2dac588bb6c3e3ce4511d95303b452854252ee4efe,False,0,1
17E,False,True,,6510444971d60579d7887a5caf02df8da6bf553bbccb22e95360413522650812,False,0,342
22N,False,True,,f7fa63414d29deb88b88666924025727ce3109de03291afcc36246bf46cf605b,False,0,1
27-60,False,True,,20d54957db595ed6c9302adab86670332bcae3331d0a59b8a8dfd69f9820778a,False,0,1
43MBO,False,True,,1e67cf4a4fb28160685ef346bb9268f6c6299067e260c562c4c4b06f73c4260e,False,0,2
61,False,True,,7445963e94368d9b9e04a8e6be0a046ac0c4018837c0197ae77f986fa1c55c5b,False,0,1
FSERVP,False,True,,2eae4d028741fd9e484db6e3a4674242376e2231c56646b1e30d40fed1ae41b2,False,0,1
PDMED,False,True,,370f6d318b6bdac1d58ababbd8c93dcc1e6692358878d47e1502329a62516447,False,0,1
