bin,disposition,status,event_m,reference_m,q_event,q_reference,Delta_H11,MASS_COMPONENT_11,WITHIN_DISPOSITION_COMPONENT_11,identity_residual_11,Delta_H01,MASS_COMPONENT_01,WITHIN_DISPOSITION_COMPONENT_01,identity_residual_01
B1,GOA,DEFINED,0.15310323734236778,0.16847826086956522,0.9467537456780637,1.0,-0.023527197440240927,-0.014965692320729985,-0.008561505119510945,3.469446951953614e-18,0.008152173913043478,-0.00040933120646745454,0.008561505119510945,-1.214306433183765e-17
B1,RTF,DEFINED,0.1741562523866724,0.22282608695652173,1.0,0.9024390243902439,-0.026930704135066735,-0.046295696298149364,0.01936499216308264,-1.0408340855860843e-17,-0.021739130434782608,-0.002374138271699967,-0.01936499216308264,-3.469446951953614e-18
B1,NAT,DEFINED,0.38004763838066413,0.41847826086956524,0.9094650947973151,0.961038961038961,-0.05653385157611185,-0.035942317616901164,-0.02059153395921069,3.469446951953614e-18,0.018103229087210782,-0.002488304871999945,0.02059153395921069,3.8163916471489756e-17
B1,UNF,NOT_DEFINED_IN_CELL,0.0,0.0,,,0.0,,,,0.0,,,
B1,OTHER,DEFINED,0.001976284584980237,0.010869565217391304,1.0,1.0,-0.008893280632411068,-0.008893280632411068,0.0,0.0,0.0,-0.0,-0.0,0.0
B1,MISSING,NOT_DEFINED_IN_CELL,0.0,0.0,,,0.0,,,,0.0,,,
B2,GOA,DEFINED,0.19471832142947867,0.2146341463414634,0.5840609159699155,1.0,-0.10090678517123768,-0.015773939926187502,-0.08513284524505017,0.0,0.08099096025925294,-0.004141884985797235,0.08513284524505017,0.0
B2,RTF,DEFINED,0.026619278109885274,0.18536585365853658,0.7513002031120076,0.9210526315789475,-0.15073263826642136,-0.13274014280813445,-0.017992495458286923,1.734723475976807e-17,-0.008013937282229964,-0.026006432740516873,0.017992495458286923,-1.3877787807814457e-17
B2,NAT,DEFINED,0.15384964898446996,0.33170731707317075,0.7932076719065266,0.9411764705882353,-0.19016040005661178,-0.15423675957706964,-0.035923640479542135,0.0,0.012302731967911002,-0.02362090851163114,0.035923640479542135,6.938893903907228e-18
B2,UNF,NOT_DEFINED_IN_CELL,0.0012195121951219512,0.0,0.0,,0.0,,,,0.0012195121951219512,,,
B2,OTHER,NOT_DEFINED_IN_CELL,0.01951219512195122,0.0,1.0,,0.01951219512195122,,,,0.0,,,
B2,MISSING,NOT_DEFINED_IN_CELL,0.0,0.0,,,0.0,,,,0.0,,,
B3,GOA,DEFINED,0.12056144296799179,0.19047619047619047,0.821319738856328,0.8928571428571429,-0.07104853435627125,-0.05992312193469433,-0.011125412421576917,3.469446951953614e-18,0.0011337868480725613,-0.009991625573504342,0.011125412421576917,-1.3877787807814457e-17
B3,RTF,DEFINED,0.1268869616812242,0.2789115646258503,0.75167538911167,0.8536585365853658,-0.14271743180030633,-0.12202512632381489,-0.020692305476491413,-2.42861286636753e-17,-0.009307171144319795,-0.02999947662081122,0.020692305476491413,1.0408340855860843e-17
B3,NAT,DEFINED,0.32294891136531245,0.37414965986394555,0.5451788636520397,0.7818181818181819,-0.11645208628691675,-0.033971620991775,-0.08248046529514175,0.0,0.0652513377882836,-0.017229127506858097,0.08248046529514175,-5.551115123125783e-17
B3,UNF,NOT_DEFINED_IN_CELL,0.0,0.0,,,0.0,,,,0.0,,,
B3,OTHER,DEFINED,0.014552372673207213,0.027210884353741496,0.26925052348781164,1.0,-0.023292650393490728,-0.008033411288547359,-0.015259239104943369,0.0,0.010634138712956445,-0.004625100391986925,0.015259239104943369,1.734723475976807e-18
B3,MISSING,NOT_DEFINED_IN_CELL,0.0,0.0,,,0.0,,,,0.0,,,
B4,GOA,DEFINED,0.23478105438837182,0.1926345609065156,0.875929856259482,0.9558823529411764,0.021515757885745695,0.0386022306675301,-0.017086472781784417,1.0408340855860843e-17,0.020630735596110557,0.0035442628143261237,0.017086472781784417,1.734723475976807e-17
B4,RTF,DEFINED,0.11163640131849016,0.33144475920679883,0.6163807637379773,0.9572649572649573,-0.24846992295214004,-0.1729502409158093,-0.07551968203633075,0.0,0.028661565063831357,-0.04685811697249937,0.07551968203633075,-2.7755575615628914e-17
B4,NAT,DEFINED,0.3028100581713117,0.28328611898017,0.8295391995863043,0.86,0.007566750959165952,0.016493230296886617,-0.00892647933772066,-5.204170427930421e-18,0.011957188231975772,0.0030307088942550884,0.00892647933772066,2.42861286636753e-17
B4,UNF,NOT_DEFINED_IN_CELL,0.0007814789489108138,0.0,1.0,,0.0007814789489108138,,,,0.0,,,
B4,OTHER,DEFINED,0.02387319662893986,0.014164305949008499,0.7044024023800264,1.0,0.0026520311089074863,0.008273928299660031,-0.005621897190752544,-8.673617379884035e-19,0.007056859571023876,0.0014349623802713315,0.005621897190752544,8.673617379884035e-19
B4,MISSING,NOT_DEFINED_IN_CELL,0.0,0.0,,,0.0,,,,0.0,,,
B5,GOA,DEFINED,0.15030417842252666,0.12345679012345678,0.627281708979106,1.0,-0.0291737282158738,0.021844131956468046,-0.05101786017234183,-1.3877787807814457e-17,0.056021116514943674,0.005003256342601837,0.05101786017234183,0.0
B5,RTF,DEFINED,0.13171979070233647,0.31275720164609055,0.9646792963903796,0.9605263157894737,-0.17334416761832686,-0.1742671197817129,0.0009229521633860231,8.456776945386935e-18,-0.007693243325427233,-0.0067702911620412054,-0.0009229521633860231,-4.119968255444917e-18
B5,NAT,DEFINED,0.37928437864580905,0.4444444444444444,0.9217335425826594,0.9074074074074074,-0.05369304709449452,-0.05959347232816558,0.005900425233671082,-1.9949319973733282e-17,-0.011467018704140883,-0.005566593470469789,-0.005900425233671082,-1.214306433183765e-17
B5,UNF,NOT_DEFINED_IN_CELL,0.005291005291005292,0.0,0.0,,0.0,,,,0.005291005291005292,,,
B5,OTHER,DEFINED,0.0027434842249657067,0.012345679012345678,1.0,1.0,-0.009602194787379972,-0.009602194787379972,0.0,0.0,0.0,-0.0,-0.0,0.0
B5,MISSING,NOT_DEFINED_IN_CELL,0.0,0.0,,,0.0,,,,0.0,,,
B6,GOA,DEFINED,0.26778572500311193,0.2222222222222222,0.5203683280658875,0.9605263157894737,-0.07410308239787991,0.03373737361175422,-0.10784045600963414,1.3877787807814457e-17,0.1196665851787696,0.0118261291691355,0.10784045600963414,-4.163336342344337e-17
B6,RTF,DEFINED,0.10812054505205994,0.2573099415204678,0.376486554667342,0.9431818181818182,-0.201984126984127,-0.09844026404190605,-0.10354386294222093,-1.3877787807814457e-17,0.05279473051571909,-0.05074913242650185,0.10354386294222093,1.3877787807814457e-17
B6,NAT,DEFINED,0.28323772775473316,0.3684210526315789,0.2938629623493908,0.8253968253968254,-0.22086048952434584,-0.04767113506058769,-0.1731893544637581,-5.551115123125783e-17,0.13567716464750004,-0.03751218981625808,0.1731893544637581,2.7755575615628914e-17
B6,UNF,NOT_DEFINED_IN_CELL,0.0,0.0,,,0.0,,,,0.0,,,
B6,OTHER,DEFINED,0.0029239766081871343,0.014619883040935672,0.5,0.8,-0.01023391812865497,-0.00760233918128655,-0.0026315789473684214,8.673617379884035e-19,-0.0014619883040935672,-0.004093567251461988,0.0026315789473684214,-8.673617379884035e-19
B6,MISSING,NOT_DEFINED_IN_CELL,0.0,0.0,,,0.0,,,,0.0,,,
B7,GOA,DEFINED,0.21900164435048158,0.1813953488372093,0.6579099391207212,0.923076923076923,-0.023358501963153117,0.029727529571202834,-0.05308603153435595,-6.938893903907228e-18,0.060964797476425386,0.007878765942069434,0.05308603153435595,6.938893903907228e-18
B7,RTF,DEFINED,0.17360369376785245,0.3023255813953488,0.41750620958538937,0.8769230769230769,-0.19263565891472867,-0.08331069057984156,-0.10932496833488711,0.0,0.0639137712872323,-0.04541119704765482,0.10932496833488711,0.0
B7,NAT,DEFINED,0.302333226808711,0.3302325581395349,0.2240216850148673,0.8732394366197184,-0.22064289411758636,-0.01530642579445738,-0.20533646832312896,-2.7755575615628914e-17,0.1927435627867624,-0.012592905536366513,0.20533646832312896,-2.7755575615628914e-17
B7,UNF,NOT_DEFINED_IN_CELL,0.0,0.0,,,0.0,,,,0.0,,,
B7,OTHER,DEFINED,0.0054485049833887045,0.018604651162790697,0.0,1.0,-0.018604651162790697,-0.006578073089700997,-0.0120265780730897,0.0,0.0054485049833887045,-0.006578073089700997,0.0120265780730897,0.0
B7,MISSING,NOT_DEFINED_IN_CELL,0.0,0.0,,,0.0,,,,0.0,,,
B8,GOA,DEFINED,0.28330248952978554,0.15457413249211358,0.7635782255520627,1.0,0.061749479757521875,0.11351126374136496,-0.051761783983843075,-6.938893903907228e-18,0.06697887728015012,0.015217093296307013,0.051761783983843075,2.7755575615628914e-17
B8,RTF,DEFINED,0.14580679066582555,0.26498422712933756,0.5926835996281862,0.8690476190476191,-0.1438666181298694,-0.08710268972023388,-0.05676392840963553,2.0816681711721685e-17,0.024689181666357397,-0.03207474674327813,0.05676392840963553,-6.938893903907228e-18
B8,NAT,DEFINED,0.27560450251671376,0.31230283911671924,0.5279085183284878,0.8787878787878788,-0.12895398495855553,-0.025811708937695705,-0.10314227602085983,0.0,0.09225564835855,-0.010886627662309783,0.10314227602085983,-4.163336342344337e-17
B8,UNF,DEFINED,0.0038906414300736063,0.0031545741324921135,0.6756756756756757,1.0,-0.0005257623554153525,0.0006167050331088184,-0.0011424673885241708,0.0,0.0012618296529968455,0.00011936226447267453,0.0011424673885241708,2.168404344971009e-19
B8,OTHER,DEFINED,0.004053839183466076,0.01892744479495268,0.677249726300182,1.0,-0.01618198331748533,-0.01247337547048138,-0.0037086078470039484,-2.168404344971009e-18,0.0013083777059987231,-0.0024002301410052254,0.0037086078470039484,4.336808689942018e-19
B8,MISSING,NOT_DEFINED_IN_CELL,0.0,0.0,,,0.0,,,,0.0,,,
B9,GOA,DEFINED,0.2956866804692892,0.17391304347826086,0.8898354533784572,0.9166666666666666,0.10369220151828851,0.10999216669494899,-0.006299965176660503,2.0816681711721685e-17,0.018081435472739823,0.011781470296079337,0.006299965176660503,-1.734723475976807e-17
B9,RTF,DEFINED,0.18576796257955677,0.25603864734299514,0.8439692891934286,0.8490566037735849,-0.06060884901464611,-0.05948504441051188,-0.0011238046041342174,-1.0408340855860843e-17,-0.009661835748792268,-0.01078564035292649,0.0011238046041342174,3.469446951953614e-18
B9,NAT,DEFINED,0.3128977839122767,0.27053140096618356,0.8231834334027692,0.8392857142857144,0.03051913196840733,0.035216402273517675,-0.004697270305110362,1.9081958235744878e-17,0.011847250977685762,0.007149980672575452,0.004697270305110362,-5.204170427930421e-17
B9,UNF,NOT_DEFINED_IN_CELL,0.00644122383252818,0.0,1.0,,0.00644122383252818,,,,0.0,,,
B9,OTHER,DEFINED,0.0024154589371980675,0.033816425120772944,0.0,1.0,-0.033816425120772944,-0.01570048309178744,-0.018115942028985504,0.0,0.0024154589371980675,-0.01570048309178744,0.018115942028985504,3.469446951953614e-18
B9,MISSING,NOT_DEFINED_IN_CELL,0.0,0.0,,,0.0,,,,0.0,,,
B10,GOA,DEFINED,0.1775009337358006,0.23163841807909605,0.9458903140852934,1.0,-0.06374200411730677,-0.052672803206281434,-0.01106920091102534,6.938893903907228e-18,0.0096045197740113,-0.0014646811370140303,0.01106920091102534,-8.673617379884035e-18
B10,RTF,DEFINED,0.22155378810947818,0.2570621468926554,0.8969357502403176,0.9340659340659341,-0.041393481193723325,-0.03250793236947408,-0.00888554882424927,2.42861286636753e-17,0.005885122410546138,-0.0030004264137031317,0.00888554882424927,0.0
B10,NAT,DEFINED,0.33301802058272795,0.2655367231638418,0.8043551627142898,0.7446808510638299,0.07012465113826055,0.05226547997916355,0.01785917115909698,2.0816681711721685e-17,-0.002643353719374422,0.015215817439722591,-0.01785917115909698,-3.469446951953614e-17
B10,UNF,NOT_DEFINED_IN_CELL,0.0014124293785310734,0.0,1.0,,0.0014124293785310734,,,,0.0,,,
B10,OTHER,DEFINED,0.003531073446327684,0.011299435028248588,1.0,1.0,-0.0077683615819209035,-0.0077683615819209035,0.0,0.0,0.0,-0.0,-0.0,0.0
B10,MISSING,NOT_DEFINED_IN_CELL,0.0,0.0,,,0.0,,,,0.0,,,
