bin,disposition,event_H01,reference_H01,Delta_H01,event_H11,reference_H11,Delta_H11,event_m,reference_m
B1,GOA,0.008152173913043478,0.0,0.008152173913043478,0.1449510634293243,0.16847826086956522,-0.023527197440240927,0.15310323734236778,0.16847826086956522
B1,RTF,0.0,0.021739130434782608,-0.021739130434782608,0.1741562523866724,0.20108695652173914,-0.026930704135066735,0.1741562523866724,0.22282608695652173
B1,NAT,0.03440757691329774,0.016304347826086956,0.018103229087210782,0.3456400614673664,0.40217391304347827,-0.05653385157611185,0.38004763838066413,0.41847826086956524
B1,UNF,0.0,0.0,0.0,0.0,0.0,0.0,0.0,0.0
B1,OTHER,0.0,0.0,0.0,0.001976284584980237,0.010869565217391304,-0.008893280632411068,0.001976284584980237,0.010869565217391304
B1,MISSING,0.0,0.0,0.0,0.0,0.0,0.0,0.0,0.0
B2,GOA,0.08099096025925294,0.0,0.08099096025925294,0.11372736117022574,0.2146341463414634,-0.10090678517123768,0.19471832142947867,0.2146341463414634
B2,RTF,0.00662020905923345,0.014634146341463414,-0.008013937282229964,0.019999069050651824,0.17073170731707318,-0.15073263826642136,0.026619278109885274,0.18536585365853658
B2,NAT,0.03181492708986222,0.01951219512195122,0.012302731967911002,0.12203472189460773,0.3121951219512195,-0.19016040005661178,0.15384964898446996,0.33170731707317075
B2,UNF,0.0012195121951219512,0.0,0.0012195121951219512,0.0,0.0,0.0,0.0012195121951219512,0.0
B2,OTHER,0.0,0.0,0.0,0.01951219512195122,0.0,0.01951219512195122,0.01951219512195122,0.0
B2,MISSING,0.0,0.0,0.0,0.0,0.0,0.0,0.0,0.0
B3,GOA,0.021541950113378682,0.02040816326530612,0.0011337868480725613,0.0990194928546131,0.17006802721088435,-0.07104853435627125,0.12056144296799179,0.19047619047619047
B3,RTF,0.031509155386292446,0.04081632653061224,-0.009307171144319795,0.09537780629493177,0.23809523809523808,-0.14271743180030633,0.1268869616812242,0.2789115646258503
B3,NAT,0.1468839908495081,0.0816326530612245,0.0652513377882836,0.17606492051580433,0.2925170068027211,-0.11645208628691675,0.32294891136531245,0.37414965986394555
B3,UNF,0.0,0.0,0.0,0.0,0.0,0.0,0.0,0.0
B3,OTHER,0.010634138712956445,0.0,0.010634138712956445,0.003918233960250767,0.027210884353741496,-0.023292650393490728,0.014552372673207213,0.027210884353741496
B3,MISSING,0.0,0.0,0.0,0.0,0.0,0.0,0.0,0.0
B4,GOA,0.029129319165515657,0.0084985835694051,0.020630735596110557,0.20565173522285618,0.18413597733711048,0.021515757885745695,0.23478105438837182,0.1926345609065156
B4,RTF,0.042825871012839856,0.014164305949008499,0.028661565063831357,0.0688105303056503,0.31728045325779036,-0.24846992295214004,0.11163640131849016,0.33144475920679883
B4,NAT,0.05161724488919957,0.039660056657223795,0.011957188231975772,0.2511928132821121,0.24362606232294617,0.007566750959165952,0.3028100581713117,0.28328611898017
B4,UNF,0.0,0.0,0.0,0.0007814789489108138,0.0,0.0007814789489108138,0.0007814789489108138,0.0
B4,OTHER,0.007056859571023876,0.0,0.007056859571023876,0.016816337057915985,0.014164305949008499,0.0026520311089074863,0.02387319662893986,0.014164305949008499
B4,MISSING,0.0,0.0,0.0,0.0,0.0,0.0,0.0,0.0
B5,GOA,0.056021116514943674,0.0,0.056021116514943674,0.09428306190758298,0.12345679012345678,-0.0291737282158738,0.15030417842252666,0.12345679012345678
B5,RTF,0.004652435686918446,0.012345679012345678,-0.007693243325427233,0.12706735501541802,0.3004115226337449,-0.17334416761832686,0.13171979070233647,0.31275720164609055
B5,NAT,0.029685244670344713,0.0411522633744856,-0.011467018704140883,0.3495991339754643,0.40329218106995884,-0.05369304709449452,0.37928437864580905,0.4444444444444444
B5,UNF,0.005291005291005292,0.0,0.005291005291005292,0.0,0.0,0.0,0.005291005291005292,0.0
B5,OTHER,0.0,0.0,0.0,0.0027434842249657067,0.012345679012345678,-0.009602194787379972,0.0027434842249657067,0.012345679012345678
B5,MISSING,0.0,0.0,0.0,0.0,0.0,0.0,0.0,0.0
B6,GOA,0.128438515003331,0.008771929824561403,0.1196665851787696,0.1393472099997809,0.2134502923976608,-0.07410308239787991,0.26778572500311193,0.2222222222222222
B6,RTF,0.06741461355665476,0.014619883040935672,0.05279473051571909,0.040705931495405176,0.24269005847953215,-0.201984126984127,0.10812054505205994,0.2573099415204678
B6,NAT,0.200004650027617,0.06432748538011696,0.13567716464750004,0.08323307772711615,0.30409356725146197,-0.22086048952434584,0.28323772775473316,0.3684210526315789
B6,UNF,0.0,0.0,0.0,0.0,0.0,0.0,0.0,0.0
B6,OTHER,0.0014619883040935672,0.0029239766081871343,-0.0014619883040935672,0.0014619883040935672,0.011695906432748537,-0.01023391812865497,0.0029239766081871343,0.014619883040935672
B6,MISSING,0.0,0.0,0.0,0.0,0.0,0.0,0.0,0.0
B7,GOA,0.07491828584851841,0.013953488372093023,0.060964797476425386,0.14408335850196316,0.16744186046511628,-0.023358501963153117,0.21900164435048158,0.1813953488372093
B7,RTF,0.1011230736128137,0.037209302325581395,0.0639137712872323,0.07248062015503876,0.2651162790697674,-0.19263565891472867,0.17360369376785245,0.3023255813953488
B7,NAT,0.2346040279030415,0.04186046511627907,0.1927435627867624,0.06772919890566949,0.28837209302325584,-0.22064289411758636,0.302333226808711,0.3302325581395349
B7,UNF,0.0,0.0,0.0,0.0,0.0,0.0,0.0,0.0
B7,OTHER,0.0054485049833887045,0.0,0.0054485049833887045,0.0,0.018604651162790697,-0.018604651162790697,0.0054485049833887045,0.018604651162790697
B7,MISSING,0.0,0.0,0.0,0.0,0.0,0.0,0.0,0.0
B8,GOA,0.06697887728015012,0.0,0.06697887728015012,0.21632361224963545,0.15457413249211358,0.061749479757521875,0.28330248952978554,0.15457413249211358
B8,RTF,0.059389497123770646,0.03470031545741325,0.024689181666357397,0.08641729354205491,0.2302839116719243,-0.1438666181298694,0.14580679066582555,0.26498422712933756
B8,NAT,0.13011053794845537,0.03785488958990536,0.09225564835855,0.14549396456825836,0.2744479495268139,-0.12895398495855553,0.27560450251671376,0.31230283911671924
B8,UNF,0.0012618296529968455,0.0,0.0012618296529968455,0.002628811777076761,0.0031545741324921135,-0.0005257623554153525,0.0038906414300736063,0.0031545741324921135
B8,OTHER,0.0013083777059987231,0.0,0.0013083777059987231,0.002745461477467353,0.01892744479495268,-0.01618198331748533,0.004053839183466076,0.01892744479495268
B8,MISSING,0.0,0.0,0.0,0.0,0.0,0.0,0.0,0.0
B9,GOA,0.03257418909592823,0.014492753623188404,0.018081435472739823,0.26311249137336096,0.15942028985507245,0.10369220151828851,0.2956866804692892,0.17391304347826086
B9,RTF,0.028985507246376812,0.03864734299516908,-0.009661835748792268,0.15678245533317997,0.21739130434782608,-0.06060884901464611,0.18576796257955677,0.25603864734299514
B9,NAT,0.05532551184725098,0.043478260869565216,0.011847250977685762,0.2575722720650257,0.22705314009661837,0.03051913196840733,0.3128977839122767,0.27053140096618356
B9,UNF,0.0,0.0,0.0,0.00644122383252818,0.0,0.00644122383252818,0.00644122383252818,0.0
B9,OTHER,0.0024154589371980675,0.0,0.0024154589371980675,0.0,0.033816425120772944,-0.033816425120772944,0.0024154589371980675,0.033816425120772944
B9,MISSING,0.0,0.0,0.0,0.0,0.0,0.0,0.0,0.0
B10,GOA,0.0096045197740113,0.0,0.0096045197740113,0.16789641396178928,0.23163841807909605,-0.06374200411730677,0.1775009337358006,0.23163841807909605
B10,RTF,0.02283427495291902,0.01694915254237288,0.005885122410546138,0.19871951315655917,0.2401129943502825,-0.041393481193723325,0.22155378810947818,0.2570621468926554
B10,NAT,0.0651532564501171,0.06779661016949153,-0.002643353719374422,0.26786476413261084,0.1977401129943503,0.07012465113826055,0.33301802058272795,0.2655367231638418
B10,UNF,0.0,0.0,0.0,0.0014124293785310734,0.0,0.0014124293785310734,0.0014124293785310734,0.0
B10,OTHER,0.0,0.0,0.0,0.003531073446327684,0.011299435028248588,-0.0077683615819209035,0.003531073446327684,0.011299435028248588
B10,MISSING,0.0,0.0,0.0,0.0,0.0,0.0,0.0,0.0
