date,n,dispatch_share,arrival_share,j01_share,j01_given_arrival
2021-07-01,690,0.8942028985507247,0.7855072463768116,0.0,0.0
2021-07-02,749,0.9038718291054739,0.8130841121495327,0.0,0.0
2021-07-03,799,0.904881101376721,0.769712140175219,0.0,0.0
2021-07-04,927,0.8694714131607335,0.7098166127292341,0.0,0.0
2021-07-05,775,0.9058064516129032,0.7858064516129032,0.0,0.0
2021-07-06,671,0.8912071535022354,0.7779433681073026,0.0,0.0
2021-07-07,702,0.8732193732193733,0.7564102564102564,0.0,0.0
2021-07-08,666,0.9039039039039038,0.7927927927927928,0.0,0.0
2021-07-09,640,0.884375,0.8078125,0.0,0.0
2021-07-10,688,0.9069767441860465,0.7921511627906976,0.0,0.0
2021-07-11,660,0.896969696969697,0.8196969696969697,0.0,0.0
2021-07-12,636,0.8883647798742138,0.809748427672956,0.0,0.0
2021-07-13,700,0.8928571428571429,0.7914285714285715,0.0,0.0
2021-07-14,597,0.8994974874371859,0.8224455611390284,0.0,0.0
2021-07-15,599,0.8964941569282137,0.8096828046744574,0.0,0.0
2021-07-16,722,0.871191135734072,0.7326869806094183,0.0,0.0
2021-07-17,710,0.895774647887324,0.7619718309859155,0.0,0.0
2021-07-18,647,0.874806800618238,0.7743431221020093,0.0,0.0
2021-07-19,739,0.8849797023004059,0.8051420838971584,0.0,0.0
2021-07-20,658,0.9164133738601824,0.8145896656534954,0.0,0.0
2021-07-21,675,0.9037037037037037,0.8222222222222222,0.0,0.0
2021-07-22,792,0.8699494949494949,0.7537878787878788,0.0,0.0
2021-07-23,701,0.9101283880171184,0.7803138373751783,0.0,0.0
2021-07-24,756,0.9140211640211641,0.8015873015873016,0.0,0.0
2021-07-25,721,0.8751733703190014,0.7378640776699029,0.0,0.0
2021-07-26,733,0.9045020463847203,0.7708049113233287,0.0,0.0
2021-07-27,731,0.9001367989056087,0.8002735978112175,0.0,0.0
2021-07-28,620,0.8209677419354838,0.8096774193548387,0.054838709677419356,0.06772908366533864
2021-07-29,666,0.7657657657657657,0.7987987987987988,0.1036036036036036,0.12969924812030076
2021-07-30,705,0.7687943262411348,0.7929078014184398,0.09219858156028368,0.11627906976744186
2021-07-31,725,0.8055172413793104,0.7889655172413793,0.06206896551724138,0.07867132867132867
2021-08-01,727,0.7840440165061898,0.7537826685006878,0.06464924346629987,0.08576642335766424
2021-08-02,666,0.7987987987987988,0.7702702702702703,0.06756756756756757,0.08771929824561403
2021-08-03,624,0.782051282051282,0.8044871794871795,0.09455128205128205,0.11752988047808766
2021-08-04,700,0.7828571428571428,0.8085714285714286,0.09142857142857143,0.11307420494699646
2021-08-05,679,0.7717231222385862,0.7776141384388807,0.05891016200294551,0.07575757575757576
2021-08-06,729,0.7928669410150891,0.7997256515775034,0.07544581618655692,0.09433962264150944
2021-08-07,674,0.7774480712166172,0.7818991097922848,0.08902077151335312,0.11385199240986717
2021-08-08,600,0.8,0.7716666666666666,0.06,0.07775377969762419
2021-08-09,657,0.8295281582952816,0.8158295281582952,0.0715372907153729,0.08768656716417911
2021-08-10,716,0.7430167597765364,0.7723463687150838,0.09497206703910614,0.12296564195298372
2021-08-11,657,0.7777777777777778,0.8158295281582952,0.0898021308980213,0.11007462686567164
2021-08-12,742,0.7722371967654986,0.7789757412398922,0.07008086253369272,0.08996539792387544
2021-08-13,760,0.7723684210526316,0.7776315789473685,0.08289473684210526,0.1065989847715736
2021-08-14,730,0.8054794520547945,0.7904109589041096,0.0684931506849315,0.08665511265164645
2021-08-15,657,0.802130898021309,0.8234398782343988,0.0669710806697108,0.08133086876155268
2021-08-16,760,0.7947368421052632,0.7855263157894737,0.06842105263157895,0.08710217755443886
2021-08-17,713,0.7980364656381487,0.7994389901823282,0.07994389901823282,0.1
2021-08-18,673,0.7800891530460624,0.8231797919762258,0.12035661218424963,0.14620938628158844
2021-08-19,671,0.7928464977645305,0.8077496274217586,0.08196721311475409,0.1014760147601476
2021-08-20,736,0.7649456521739131,0.7921195652173914,0.09239130434782608,0.11663807890222985
2021-08-21,614,0.7736156351791531,0.7980456026058632,0.09283387622149837,0.11632653061224489
2021-08-22,579,0.8082901554404145,0.772020725388601,0.039723661485319514,0.05145413870246085
2021-08-23,724,0.7914364640883977,0.8011049723756906,0.0787292817679558,0.09827586206896552
2021-08-24,711,0.7960618846694796,0.8382559774964838,0.07454289732770746,0.08892617449664429
2021-08-25,647,0.7387944358578052,0.7527047913446677,0.07109737248840804,0.0944558521560575
2021-08-26,671,0.7317436661698957,0.7377049180327869,0.08643815201192251,0.11717171717171718
2021-08-27,711,0.7932489451476793,0.7623066104078763,0.05907172995780591,0.07749077490774908
2021-08-28,630,0.8095238095238095,0.7841269841269841,0.046031746031746035,0.058704453441295545
2021-08-29,950,0.7294736842105263,0.4378947368421053,0.05789473684210526,0.13221153846153846
2021-08-30,701,0.6462196861626248,0.6533523537803139,0.14978601997146934,0.2292576419213974
2021-08-31,759,0.47299077733860345,0.6679841897233202,0.2898550724637681,0.4339250493096647
2021-09-01,775,0.40903225806451615,0.6916129032258065,0.3406451612903226,0.4925373134328358
2021-09-02,693,0.7445887445887446,0.7474747474747475,0.12265512265512266,0.1640926640926641
2021-09-03,786,0.7582697201017812,0.7544529262086515,0.12086513994910941,0.16020236087689713
2021-09-04,890,0.7561797752808989,0.7348314606741573,0.0898876404494382,0.12232415902140673
2021-09-05,787,0.7890724269377383,0.7636594663278272,0.06861499364675985,0.08985024958402663
2021-09-06,880,0.7977272727272727,0.7454545454545455,0.0659090909090909,0.08841463414634146
2021-09-07,718,0.8022284122562674,0.7910863509749304,0.0584958217270195,0.07394366197183098
2021-09-08,724,0.7679558011049724,0.7762430939226519,0.10220994475138122,0.13167259786476868
2021-09-09,718,0.7325905292479109,0.8231197771587744,0.16573816155988857,0.20135363790186125
2021-09-10,720,0.5819444444444445,0.8083333333333333,0.28055555555555556,0.3470790378006873
2021-09-11,664,0.7936746987951807,0.8087349397590361,0.08283132530120482,0.10242085661080075
2021-09-12,586,0.841296928327645,0.856655290102389,0.06313993174061433,0.07370517928286853
2021-09-13,747,0.7965194109772423,0.8259705488621151,0.09370816599732262,0.11345218800648298
2021-09-14,653,0.77947932618683,0.8055130168453293,0.08269525267993874,0.10266159695817491
2021-09-15,649,0.8320493066255779,0.810477657935285,0.05855161787365177,0.07224334600760456
