window_start,raw_max_cell,event_n,reference_n,frozen_context_excluded,episode,prespecified_universes,both_sides_after_change
2020-01-05,,356,0,False,,,False
2020-01-12,0.09291111724518664,4415,4341,False,,FULL_QUALIFIED_REFERENCE,False
2020-01-19,0.059919351770837306,4020,4415,True,,,False
2020-01-26,0.058257564824168884,4091,4020,False,,FULL_QUALIFIED_REFERENCE,False
2020-02-02,0.08229865027309169,4395,4091,False,,FULL_QUALIFIED_REFERENCE,False
2020-02-09,0.12833863583456195,4376,4395,False,,FULL_QUALIFIED_REFERENCE,False
2020-02-16,0.10297466632376562,4143,4376,False,,FULL_QUALIFIED_REFERENCE,False
2020-02-23,0.10290987352221469,5226,4143,True,,,False
2020-03-01,0.21458510337015002,4103,5226,False,,FULL_QUALIFIED_REFERENCE,False
2020-03-08,0.08511167023887178,4047,4103,False,,FULL_QUALIFIED_REFERENCE,False
2020-03-15,0.07418540963057008,3841,4047,False,,FULL_QUALIFIED_REFERENCE,False
2020-03-22,0.08820637399502573,3356,3841,False,,FULL_QUALIFIED_REFERENCE,False
2020-03-29,0.05787441316434594,3792,3356,False,,FULL_QUALIFIED_REFERENCE,False
2020-04-05,0.07499999999999996,3745,3792,False,,FULL_QUALIFIED_REFERENCE,False
2020-04-12,0.07679889298892983,3525,3745,True,,,False
2020-04-19,0.07530364372469633,3292,3525,False,,FULL_QUALIFIED_REFERENCE,False
2020-04-26,0.0834414518625045,3254,3292,False,,FULL_QUALIFIED_REFERENCE,False
2020-05-03,0.07905810001618385,3300,3254,False,,FULL_QUALIFIED_REFERENCE,False
2020-05-10,0.08225398528510117,3256,3300,False,,FULL_QUALIFIED_REFERENCE,False
2020-05-17,0.08420882257732265,3486,3256,False,,FULL_QUALIFIED_REFERENCE,False
2020-05-24,0.11994977069229096,3324,3486,True,,,False
2020-05-31,0.09437386569872963,3323,3324,False,,FULL_QUALIFIED_REFERENCE,False
2020-06-07,0.33308361666570624,3431,3323,False,,FULL_QUALIFIED_REFERENCE,False
2020-06-14,0.33966556419253563,3454,3431,False,,FULL_QUALIFIED_REFERENCE,False
2020-06-21,0.07512787723785164,3569,3454,False,,FULL_QUALIFIED_REFERENCE,False
2020-06-28,0.054861488321564345,3769,3569,False,,FULL_QUALIFIED_REFERENCE,False
2020-07-05,0.12150359314538417,3784,3769,False,,FULL_QUALIFIED_REFERENCE,False
2020-07-12,0.14146933819064966,3495,3784,False,,FULL_QUALIFIED_REFERENCE,False
2020-07-19,0.08437884378843796,3266,3495,False,,FULL_QUALIFIED_REFERENCE,False
2020-07-26,0.08448401162790697,3373,3266,False,,FULL_QUALIFIED_REFERENCE,False
2020-08-02,0.07470196091930292,3596,3373,False,,FULL_QUALIFIED_REFERENCE,False
2020-08-09,0.08395166419334321,3614,3596,False,,FULL_QUALIFIED_REFERENCE,False
2020-08-16,0.05831974439539171,3515,3614,False,,FULL_QUALIFIED_REFERENCE,False
2020-08-23,0.08351235230934484,3316,3515,True,Hurricane Laura,,False
2020-08-30,0.11320237050043891,3394,3316,False,,FULL_QUALIFIED_REFERENCE,False
2020-09-06,0.07681052401269006,3338,3394,True,,,False
2020-09-13,0.06533362178199464,3373,3338,False,,FULL_QUALIFIED_REFERENCE,False
2020-09-20,0.10495900424775262,3508,3373,False,,FULL_QUALIFIED_REFERENCE,False
2020-09-27,0.08682097884999385,3636,3508,False,,FULL_QUALIFIED_REFERENCE,False
2020-10-04,0.0824113475177305,3578,3636,False,,FULL_QUALIFIED_REFERENCE,False
2020-10-11,0.09126525899043214,3707,3578,False,,FULL_QUALIFIED_REFERENCE,False
2020-10-18,0.0785542061082336,3638,3707,False,,FULL_QUALIFIED_REFERENCE,False
2020-10-25,0.1294054531683918,3963,3638,True,Hurricane Zeta,,False
2020-11-01,0.1549009542215244,3752,3963,False,,FULL_QUALIFIED_REFERENCE,False
2020-11-08,0.06167813187327442,3847,3752,False,,FULL_QUALIFIED_REFERENCE,False
2020-11-15,0.05757575757575757,3648,3847,False,,FULL_QUALIFIED_REFERENCE,False
2020-11-22,0.1036438253948514,3515,3648,True,,,False
2020-11-29,0.08397798660505684,3444,3515,False,,FULL_QUALIFIED_REFERENCE,False
2020-12-06,0.09346713892168446,3426,3444,False,,FULL_QUALIFIED_REFERENCE,False
2020-12-13,0.09640636573814287,3222,3426,False,,FULL_QUALIFIED_REFERENCE,False
2020-12-20,0.07406452647739514,3568,3222,True,,,False
2020-12-27,0.08561208120517028,3475,3568,True,,,False
2021-01-03,0.1403535507467235,3273,3475,False,,FULL_QUALIFIED_REFERENCE,False
2021-01-10,0.08393665158371033,3216,3273,False,,FULL_QUALIFIED_REFERENCE,False
2021-01-17,0.11021386663302002,3069,3216,True,,,False
2021-01-24,0.06787126932758002,3320,3069,False,,FULL_QUALIFIED_REFERENCE,False
2021-01-31,0.14579008729775078,3408,3320,False,,FULL_QUALIFIED_REFERENCE,False
2021-02-07,0.11171208654046183,3329,3408,False,,FULL_QUALIFIED_REFERENCE,False
2021-02-14,0.11309181521947487,2851,3329,True,February freeze,,False
2021-02-21,0.10301132975551575,3399,2851,False,,FULL_QUALIFIED_REFERENCE,False
2021-02-28,0.0594215861657722,3323,3399,False,,FULL_QUALIFIED_REFERENCE,False
2021-03-07,0.07128205128205134,3478,3323,False,,FULL_QUALIFIED_REFERENCE,False
2021-03-14,0.07081657280772324,3537,3478,False,,FULL_QUALIFIED_REFERENCE,False
2021-03-21,0.07417170844137133,3138,3537,False,,FULL_QUALIFIED_REFERENCE,False
2021-03-28,0.07522344721201402,3759,3138,False,,FULL_QUALIFIED_REFERENCE,False
2021-04-04,0.08441692466460271,3807,3759,True,,,False
2021-04-11,0.09196710942441488,3672,3807,False,,FULL_QUALIFIED_REFERENCE,False
2021-04-18,0.08083082577700584,3647,3672,False,,FULL_QUALIFIED_REFERENCE,False
2021-04-25,0.09142033165104535,3750,3647,False,,FULL_QUALIFIED_REFERENCE,False
2021-05-02,0.10055522798742134,3757,3750,False,,FULL_QUALIFIED_REFERENCE,False
2021-05-09,0.07505601194921585,3992,3757,False,,FULL_QUALIFIED_REFERENCE,False
2021-05-16,0.0641033884138108,3807,3992,False,,FULL_QUALIFIED_REFERENCE,False
2021-05-23,0.06411363854496593,3966,3807,False,,FULL_QUALIFIED_REFERENCE,False
2021-05-30,0.08066239316239321,3721,3966,False,,FULL_QUALIFIED_REFERENCE,False
2021-06-06,0.0727201257861636,3766,3721,False,,FULL_QUALIFIED_REFERENCE,False
2021-06-13,0.06353625895920534,3606,3766,False,,FULL_QUALIFIED_REFERENCE,False
2021-06-20,0.09522231166248396,3483,3606,False,,FULL_QUALIFIED_REFERENCE,False
2021-06-27,0.06189387237309918,3571,3483,False,,FULL_QUALIFIED_REFERENCE,False
2021-07-04,0.10589024930577795,3741,3571,True,,,False
2021-07-11,0.11468834688346885,3192,3741,False,,FULL_QUALIFIED_REFERENCE|STAGE_ERA_MATCHED_REFERENCE|SAME_SEASON_STAGE_REFERENCE,False
2021-07-18,0.07829735481909395,3511,3192,False,,FULL_QUALIFIED_REFERENCE|STAGE_ERA_MATCHED_REFERENCE|SAME_SEASON_STAGE_REFERENCE,False
2021-07-25,0.11347517730496454,3471,3511,False,,FULL_QUALIFIED_REFERENCE|STAGE_ERA_MATCHED_REFERENCE|SAME_SEASON_STAGE_REFERENCE,False
2021-08-01,0.1795576495223138,3396,3471,False,,FULL_QUALIFIED_REFERENCE|STAGE_ERA_MATCHED_REFERENCE|SAME_SEASON_STAGE_REFERENCE,False
2021-08-08,0.09841900658644087,3372,3396,False,,FULL_QUALIFIED_REFERENCE|STAGE_ERA_MATCHED_REFERENCE|SAME_SEASON_STAGE_REFERENCE,True
2021-08-15,0.07258530942741469,3474,3372,False,,FULL_QUALIFIED_REFERENCE|STAGE_ERA_MATCHED_REFERENCE|SAME_SEASON_STAGE_REFERENCE,True
2021-08-22,0.10139864819648003,3332,3474,False,,FULL_QUALIFIED_REFERENCE|STAGE_ERA_MATCHED_REFERENCE|SAME_SEASON_STAGE_REFERENCE,True
2021-08-29,0.5319863703988098,3878,3332,True,Hurricane Ida,IDA,True
2021-09-05,0.47752201027146,3827,3878,True,Post-Ida week,,True
2021-09-12,0.14615288063260945,3314,3827,False,,FULL_QUALIFIED_REFERENCE|STAGE_ERA_MATCHED_REFERENCE|SAME_SEASON_STAGE_REFERENCE,True
2021-09-19,0.10035842293906805,3126,3314,False,,FULL_QUALIFIED_REFERENCE|STAGE_ERA_MATCHED_REFERENCE|SAME_SEASON_STAGE_REFERENCE,True
2021-09-26,0.08088770312878968,3486,3126,False,,FULL_QUALIFIED_REFERENCE|STAGE_ERA_MATCHED_REFERENCE|SAME_SEASON_STAGE_REFERENCE,True
2021-10-03,0.11335855850786991,3479,3486,False,,FULL_QUALIFIED_REFERENCE|STAGE_ERA_MATCHED_REFERENCE|SAME_SEASON_STAGE_REFERENCE,True
2021-10-10,0.17624326535217627,3547,3479,False,,FULL_QUALIFIED_REFERENCE|STAGE_ERA_MATCHED_REFERENCE|SAME_SEASON_STAGE_REFERENCE,True
2021-10-17,0.12325034064164497,3487,3547,False,,FULL_QUALIFIED_REFERENCE|STAGE_ERA_MATCHED_REFERENCE|SAME_SEASON_STAGE_REFERENCE,True
2021-10-24,0.09269704986771832,3441,3487,False,,FULL_QUALIFIED_REFERENCE|STAGE_ERA_MATCHED_REFERENCE|SAME_SEASON_STAGE_REFERENCE,True
2021-10-31,0.07901234567901239,3667,3441,False,,FULL_QUALIFIED_REFERENCE|STAGE_ERA_MATCHED_REFERENCE|SAME_SEASON_STAGE_REFERENCE,True
2021-11-07,0.06448841261127947,3472,3667,False,,FULL_QUALIFIED_REFERENCE|STAGE_ERA_MATCHED_REFERENCE|SAME_SEASON_STAGE_REFERENCE,True
2021-11-14,0.1430303592489035,3437,3472,False,,FULL_QUALIFIED_REFERENCE|STAGE_ERA_MATCHED_REFERENCE|SAME_SEASON_STAGE_REFERENCE,True
2021-11-21,0.14412902284171347,3388,3437,True,,,True
2021-11-28,0.08236751949850574,3546,3388,False,,FULL_QUALIFIED_REFERENCE|STAGE_ERA_MATCHED_REFERENCE|SAME_SEASON_STAGE_REFERENCE,True
2021-12-05,0.07837003670337003,3561,3546,False,,FULL_QUALIFIED_REFERENCE|STAGE_ERA_MATCHED_REFERENCE,True
2021-12-12,0.11066806197074675,3448,3561,False,,FULL_QUALIFIED_REFERENCE|STAGE_ERA_MATCHED_REFERENCE,True
2021-12-19,0.16022762486970732,3486,3448,False,,FULL_QUALIFIED_REFERENCE|STAGE_ERA_MATCHED_REFERENCE,True
2021-12-26,0.10663613931859162,3356,3486,False,,FULL_QUALIFIED_REFERENCE|STAGE_ERA_MATCHED_REFERENCE,True
2022-01-02,0.17645492701873078,3359,3356,False,,FULL_QUALIFIED_REFERENCE|STAGE_ERA_MATCHED_REFERENCE,True
2022-01-09,0.09408619893076366,3497,3359,False,,FULL_QUALIFIED_REFERENCE|STAGE_ERA_MATCHED_REFERENCE,True
2022-01-16,0.06871227364185109,3194,3497,True,,,True
2022-01-23,0.10531614981876758,3204,3194,False,,FULL_QUALIFIED_REFERENCE|STAGE_ERA_MATCHED_REFERENCE,True
2022-01-30,0.08940620782726039,3623,3204,False,,FULL_QUALIFIED_REFERENCE|STAGE_ERA_MATCHED_REFERENCE,True
2022-02-06,0.09894736842105256,3703,3623,False,,FULL_QUALIFIED_REFERENCE|STAGE_ERA_MATCHED_REFERENCE,True
2022-02-13,0.11563690328963638,3446,3703,False,,FULL_QUALIFIED_REFERENCE|STAGE_ERA_MATCHED_REFERENCE,True
2022-02-20,0.12122762148337596,3493,3446,False,,FULL_QUALIFIED_REFERENCE|STAGE_ERA_MATCHED_REFERENCE,True
2022-02-27,0.15218372384320666,4309,3493,False,,FULL_QUALIFIED_REFERENCE|STAGE_ERA_MATCHED_REFERENCE,True
2022-03-06,0.20618093399939452,3203,4309,False,,FULL_QUALIFIED_REFERENCE|STAGE_ERA_MATCHED_REFERENCE,True
2022-03-13,0.09981091787509078,3435,3203,False,,FULL_QUALIFIED_REFERENCE|STAGE_ERA_MATCHED_REFERENCE,True
2022-03-20,0.08476710568583361,3506,3435,False,,FULL_QUALIFIED_REFERENCE|STAGE_ERA_MATCHED_REFERENCE,True
2022-03-27,0.09596220272362727,3490,3506,False,,FULL_QUALIFIED_REFERENCE|STAGE_ERA_MATCHED_REFERENCE,True
2022-04-03,0.09769279680261604,3592,3490,False,,FULL_QUALIFIED_REFERENCE|STAGE_ERA_MATCHED_REFERENCE,True
2022-04-10,0.09859744094488199,3520,3592,False,,FULL_QUALIFIED_REFERENCE|STAGE_ERA_MATCHED_REFERENCE,True
2022-04-17,0.11990565120124497,3257,3520,True,,,True
2022-04-24,0.07632494372825864,3397,3257,False,,FULL_QUALIFIED_REFERENCE|STAGE_ERA_MATCHED_REFERENCE,True
2022-05-01,0.1080172181867097,3666,3397,False,,FULL_QUALIFIED_REFERENCE|STAGE_ERA_MATCHED_REFERENCE,True
2022-05-08,0.09049151988297935,3598,3666,False,,FULL_QUALIFIED_REFERENCE|STAGE_ERA_MATCHED_REFERENCE,True
2022-05-15,0.3098150839793282,3536,3598,False,,FULL_QUALIFIED_REFERENCE|STAGE_ERA_MATCHED_REFERENCE,True
2022-05-22,0.2725813512330366,3525,3536,False,,FULL_QUALIFIED_REFERENCE|STAGE_ERA_MATCHED_REFERENCE,True
2022-05-29,0.09897247189881564,3719,3525,False,,FULL_QUALIFIED_REFERENCE|STAGE_ERA_MATCHED_REFERENCE,True
2022-06-05,0.12898981706767598,3297,3719,False,,FULL_QUALIFIED_REFERENCE|STAGE_ERA_MATCHED_REFERENCE|SAME_SEASON_STAGE_REFERENCE,True
2022-06-12,0.07475726632472196,3154,3297,False,,FULL_QUALIFIED_REFERENCE|STAGE_ERA_MATCHED_REFERENCE|SAME_SEASON_STAGE_REFERENCE,True
2022-06-19,0.2958642798197169,3294,3154,False,,FULL_QUALIFIED_REFERENCE|STAGE_ERA_MATCHED_REFERENCE|SAME_SEASON_STAGE_REFERENCE,True
2022-06-26,0.21411202414891833,3341,3294,False,,FULL_QUALIFIED_REFERENCE|STAGE_ERA_MATCHED_REFERENCE|SAME_SEASON_STAGE_REFERENCE,True
2022-07-03,0.13761373035566593,3459,3341,True,,,True
2022-07-10,0.13145539906103287,3289,3459,False,,FULL_QUALIFIED_REFERENCE|STAGE_ERA_MATCHED_REFERENCE|SAME_SEASON_STAGE_REFERENCE,True
2022-07-17,0.12573293840294997,3185,3289,False,,FULL_QUALIFIED_REFERENCE|STAGE_ERA_MATCHED_REFERENCE|SAME_SEASON_STAGE_REFERENCE,True
2022-07-24,0.10321944220249302,3121,3185,False,,FULL_QUALIFIED_REFERENCE|STAGE_ERA_MATCHED_REFERENCE|SAME_SEASON_STAGE_REFERENCE,True
2022-07-31,0.10233223094942812,3075,3121,False,,FULL_QUALIFIED_REFERENCE|STAGE_ERA_MATCHED_REFERENCE|SAME_SEASON_STAGE_REFERENCE,True
2022-08-07,0.1259164535379369,3027,3075,False,,FULL_QUALIFIED_REFERENCE|STAGE_ERA_MATCHED_REFERENCE|SAME_SEASON_STAGE_REFERENCE,True
2022-08-14,0.10875034181022691,3182,3027,False,,FULL_QUALIFIED_REFERENCE|STAGE_ERA_MATCHED_REFERENCE|SAME_SEASON_STAGE_REFERENCE,True
2022-08-21,0.21954803735876172,3155,3182,False,,FULL_QUALIFIED_REFERENCE|STAGE_ERA_MATCHED_REFERENCE|SAME_SEASON_STAGE_REFERENCE,True
2022-08-28,0.14852228122835376,3286,3155,False,,FULL_QUALIFIED_REFERENCE|STAGE_ERA_MATCHED_REFERENCE|SAME_SEASON_STAGE_REFERENCE,True
2022-09-04,0.12922840972912264,3371,3286,True,,,True
2022-09-11,0.18286386245674735,3108,3371,False,,FULL_QUALIFIED_REFERENCE|STAGE_ERA_MATCHED_REFERENCE|SAME_SEASON_STAGE_REFERENCE,True
2022-09-18,0.1157360100979744,3013,3108,False,,FULL_QUALIFIED_REFERENCE|STAGE_ERA_MATCHED_REFERENCE|SAME_SEASON_STAGE_REFERENCE,True
2022-09-25,0.1438682694276271,3353,3013,False,,,True
2022-10-02,0.09099234099234099,3093,3353,False,,FULL_QUALIFIED_REFERENCE|STAGE_ERA_MATCHED_REFERENCE|SAME_SEASON_STAGE_REFERENCE,True
2022-10-09,0.09255599472990772,2878,3093,False,,FULL_QUALIFIED_REFERENCE|STAGE_ERA_MATCHED_REFERENCE|SAME_SEASON_STAGE_REFERENCE,True
2022-10-16,0.10341835849384003,2992,2878,False,,FULL_QUALIFIED_REFERENCE|STAGE_ERA_MATCHED_REFERENCE|SAME_SEASON_STAGE_REFERENCE,True
2022-10-23,0.06965602812435379,3062,2992,False,,FULL_QUALIFIED_REFERENCE|STAGE_ERA_MATCHED_REFERENCE|SAME_SEASON_STAGE_REFERENCE,True
2022-10-30,0.09517837802623752,3213,3062,False,,FULL_QUALIFIED_REFERENCE|STAGE_ERA_MATCHED_REFERENCE|SAME_SEASON_STAGE_REFERENCE,True
2022-11-06,0.0889716902008772,3149,3213,False,,FULL_QUALIFIED_REFERENCE|STAGE_ERA_MATCHED_REFERENCE|SAME_SEASON_STAGE_REFERENCE,True
2022-11-13,0.09136150234741791,2718,3149,False,,FULL_QUALIFIED_REFERENCE|STAGE_ERA_MATCHED_REFERENCE|SAME_SEASON_STAGE_REFERENCE,True
2022-11-20,0.13843560867233584,2829,2718,True,,,True
2022-11-27,0.0879543232915666,3246,2829,False,,FULL_QUALIFIED_REFERENCE|STAGE_ERA_MATCHED_REFERENCE|SAME_SEASON_STAGE_REFERENCE,True
2022-12-04,0.11154200826143523,3154,3246,False,,FULL_QUALIFIED_REFERENCE|STAGE_ERA_MATCHED_REFERENCE,True
2022-12-11,0.07877628468333955,3223,3154,False,,FULL_QUALIFIED_REFERENCE|STAGE_ERA_MATCHED_REFERENCE,True
2022-12-18,0.10011341128362404,3088,3223,False,,FULL_QUALIFIED_REFERENCE|STAGE_ERA_MATCHED_REFERENCE,True
2022-12-25,0.10420335707494965,2976,3088,True,,,True
2023-01-01,0.1300731548323234,3494,2976,True,,,True
2023-01-08,0.08642246106602325,3292,3494,False,,FULL_QUALIFIED_REFERENCE|STAGE_ERA_MATCHED_REFERENCE,True
2023-01-15,0.13138547344403595,3024,3292,True,,,True
2023-01-22,0.08286388754761523,2915,3024,False,,FULL_QUALIFIED_REFERENCE|STAGE_ERA_MATCHED_REFERENCE,True
2023-01-29,0.09035049219386793,2956,2915,False,,FULL_QUALIFIED_REFERENCE|STAGE_ERA_MATCHED_REFERENCE,True
2023-02-05,0.05172438641244037,3123,2956,False,,FULL_QUALIFIED_REFERENCE|STAGE_ERA_MATCHED_REFERENCE,True
2023-02-12,0.14836364632034338,3293,3123,False,,FULL_QUALIFIED_REFERENCE|STAGE_ERA_MATCHED_REFERENCE,True
2023-02-19,0.24505649717514127,4449,3293,True,,,True
2023-02-26,0.1891862489120975,3306,4449,False,,FULL_QUALIFIED_REFERENCE|STAGE_ERA_MATCHED_REFERENCE,True
2023-03-05,0.09155232714554751,2985,3306,False,,FULL_QUALIFIED_REFERENCE|STAGE_ERA_MATCHED_REFERENCE,True
2023-03-12,0.08743551952837147,3042,2985,False,,FULL_QUALIFIED_REFERENCE|STAGE_ERA_MATCHED_REFERENCE,True
2023-03-19,0.09201680672268897,3397,3042,False,,FULL_QUALIFIED_REFERENCE|STAGE_ERA_MATCHED_REFERENCE,True
2023-03-26,0.09635502295617016,3372,3397,False,,FULL_QUALIFIED_REFERENCE|STAGE_ERA_MATCHED_REFERENCE,True
2023-04-02,0.14129885444743928,3514,3372,False,,FULL_QUALIFIED_REFERENCE|STAGE_ERA_MATCHED_REFERENCE,True
2023-04-09,0.1468404265922456,3193,3514,True,,,True
2023-04-16,0.12584345479082326,3321,3193,False,,FULL_QUALIFIED_REFERENCE|STAGE_ERA_MATCHED_REFERENCE,True
2023-04-23,0.11264597471494031,3189,3321,False,,FULL_QUALIFIED_REFERENCE|STAGE_ERA_MATCHED_REFERENCE,True
2023-04-30,0.1686454910551296,3450,3189,False,,FULL_QUALIFIED_REFERENCE|STAGE_ERA_MATCHED_REFERENCE,True
2023-05-07,0.1330600263184533,3566,3450,False,,FULL_QUALIFIED_REFERENCE|STAGE_ERA_MATCHED_REFERENCE,True
2023-05-14,0.12498881517556981,3491,3566,False,,FULL_QUALIFIED_REFERENCE|STAGE_ERA_MATCHED_REFERENCE,True
2023-05-21,0.11995580670868655,3347,3491,False,,FULL_QUALIFIED_REFERENCE|STAGE_ERA_MATCHED_REFERENCE,True
2023-05-28,0.09493362562416263,3103,3347,False,,FULL_QUALIFIED_REFERENCE|STAGE_ERA_MATCHED_REFERENCE,True
2023-06-04,0.16072257166426063,3295,3103,False,,FULL_QUALIFIED_REFERENCE|STAGE_ERA_MATCHED_REFERENCE|SAME_SEASON_STAGE_REFERENCE,True
2023-06-11,0.18364805375347537,3251,3295,False,,FULL_QUALIFIED_REFERENCE|STAGE_ERA_MATCHED_REFERENCE|SAME_SEASON_STAGE_REFERENCE,True
2023-06-18,0.09886783093330997,3122,3251,False,,FULL_QUALIFIED_REFERENCE|STAGE_ERA_MATCHED_REFERENCE|SAME_SEASON_STAGE_REFERENCE,True
2023-06-25,0.09306492844636971,3055,3122,False,,FULL_QUALIFIED_REFERENCE|STAGE_ERA_MATCHED_REFERENCE|SAME_SEASON_STAGE_REFERENCE,True
2023-07-02,0.09115346426755144,3057,3055,True,,,True
2023-07-09,0.12447757140486149,2882,3057,False,,FULL_QUALIFIED_REFERENCE|STAGE_ERA_MATCHED_REFERENCE|SAME_SEASON_STAGE_REFERENCE,True
2023-07-16,0.06956112852664575,2754,2882,False,,FULL_QUALIFIED_REFERENCE|STAGE_ERA_MATCHED_REFERENCE|SAME_SEASON_STAGE_REFERENCE,True
2023-07-23,0.11883740413739768,3014,2754,False,,FULL_QUALIFIED_REFERENCE|STAGE_ERA_MATCHED_REFERENCE|SAME_SEASON_STAGE_REFERENCE,True
2023-07-30,0.11218760698390963,2864,3014,False,,FULL_QUALIFIED_REFERENCE|STAGE_ERA_MATCHED_REFERENCE|SAME_SEASON_STAGE_REFERENCE,True
2023-08-06,0.11783407004420265,2868,2864,False,,FULL_QUALIFIED_REFERENCE|STAGE_ERA_MATCHED_REFERENCE|SAME_SEASON_STAGE_REFERENCE,True
2023-08-13,0.12284159159159161,2708,2868,False,,FULL_QUALIFIED_REFERENCE|STAGE_ERA_MATCHED_REFERENCE|SAME_SEASON_STAGE_REFERENCE,True
2023-08-20,0.10514172709294661,2753,2708,False,,FULL_QUALIFIED_REFERENCE|STAGE_ERA_MATCHED_REFERENCE|SAME_SEASON_STAGE_REFERENCE,True
2023-08-27,0.07370178547090092,2898,2753,False,,FULL_QUALIFIED_REFERENCE|STAGE_ERA_MATCHED_REFERENCE|SAME_SEASON_STAGE_REFERENCE,True
2023-09-03,0.13107864357864357,2932,2898,True,,,True
2023-09-10,0.09167893128042567,2920,2932,False,,FULL_QUALIFIED_REFERENCE|STAGE_ERA_MATCHED_REFERENCE|SAME_SEASON_STAGE_REFERENCE,True
2023-09-17,0.1011329755515803,2915,2920,False,,FULL_QUALIFIED_REFERENCE|STAGE_ERA_MATCHED_REFERENCE|SAME_SEASON_STAGE_REFERENCE,True
2023-09-24,0.12832781253833891,2823,2915,False,,FULL_QUALIFIED_REFERENCE|STAGE_ERA_MATCHED_REFERENCE|SAME_SEASON_STAGE_REFERENCE,True
2023-10-01,0.14298642533936656,2810,2823,False,,FULL_QUALIFIED_REFERENCE|STAGE_ERA_MATCHED_REFERENCE|SAME_SEASON_STAGE_REFERENCE,True
2023-10-08,0.09218634822349991,2837,2810,False,,FULL_QUALIFIED_REFERENCE|STAGE_ERA_MATCHED_REFERENCE|SAME_SEASON_STAGE_REFERENCE,True
2023-10-15,0.0991095057886434,2653,2837,False,,FULL_QUALIFIED_REFERENCE|STAGE_ERA_MATCHED_REFERENCE|SAME_SEASON_STAGE_REFERENCE,True
2023-10-22,0.12571978892879354,3020,2653,False,,FULL_QUALIFIED_REFERENCE|STAGE_ERA_MATCHED_REFERENCE|SAME_SEASON_STAGE_REFERENCE,True
2023-10-29,0.08768419137711478,3048,3020,False,,FULL_QUALIFIED_REFERENCE|STAGE_ERA_MATCHED_REFERENCE|SAME_SEASON_STAGE_REFERENCE,True
2023-11-05,0.10679184947752085,3030,3048,False,,FULL_QUALIFIED_REFERENCE|STAGE_ERA_MATCHED_REFERENCE|SAME_SEASON_STAGE_REFERENCE,True
2023-11-12,0.1154763527327245,2891,3030,False,,FULL_QUALIFIED_REFERENCE|STAGE_ERA_MATCHED_REFERENCE|SAME_SEASON_STAGE_REFERENCE,True
2023-11-19,0.06628723248671575,2764,2891,True,,,True
2023-11-26,,1229,1815,False,,FULL_QUALIFIED_REFERENCE|STAGE_ERA_MATCHED_REFERENCE|SAME_SEASON_STAGE_REFERENCE,True
2023-12-03,,1755,1229,False,,FULL_QUALIFIED_REFERENCE|STAGE_ERA_MATCHED_REFERENCE,True
2023-12-10,0.29783018867924527,2849,2895,False,,FULL_QUALIFIED_REFERENCE|STAGE_ERA_MATCHED_REFERENCE,True
2023-12-17,0.17432307785143492,2755,2849,False,,FULL_QUALIFIED_REFERENCE|STAGE_ERA_MATCHED_REFERENCE,True
2023-12-24,0.14297582277132814,2633,2755,True,,,True
2023-12-31,0.11691581431943343,2951,2633,False,,,True
2024-01-07,0.13300204618532596,2824,2951,False,,,True
2024-01-14,0.12544474393530997,2728,2824,True,,,True
2024-01-21,0.14671814671814676,2632,2728,False,,,True
2024-01-28,0.13725337890321576,2851,2632,False,,,True
2024-02-04,0.11189138576779023,3037,2851,False,,FULL_QUALIFIED_REFERENCE|STAGE_ERA_MATCHED_REFERENCE,True
2024-02-11,0.1362994350282486,3944,3037,True,,,True
2024-02-18,0.16178487192145252,2820,3944,False,,FULL_QUALIFIED_REFERENCE|STAGE_ERA_MATCHED_REFERENCE,True
2024-02-25,0.07495501574448941,2766,2820,False,,FULL_QUALIFIED_REFERENCE|STAGE_ERA_MATCHED_REFERENCE,True
2024-03-03,0.1097948717948718,3018,2766,False,,FULL_QUALIFIED_REFERENCE|STAGE_ERA_MATCHED_REFERENCE,True
2024-03-10,0.10840636157091854,2750,3018,False,,FULL_QUALIFIED_REFERENCE|STAGE_ERA_MATCHED_REFERENCE,True
2024-03-17,0.09413747441916454,2868,2750,False,,FULL_QUALIFIED_REFERENCE|STAGE_ERA_MATCHED_REFERENCE,True
2024-03-24,0.10196314102564108,3153,2868,False,,FULL_QUALIFIED_REFERENCE|STAGE_ERA_MATCHED_REFERENCE,True
2024-03-31,0.09868362929587415,2938,3153,False,,FULL_QUALIFIED_REFERENCE|STAGE_ERA_MATCHED_REFERENCE,True
2024-04-07,0.14434543600656113,2913,2938,False,,FULL_QUALIFIED_REFERENCE|STAGE_ERA_MATCHED_REFERENCE,True
2024-04-14,0.1423216885007278,2986,2913,False,,FULL_QUALIFIED_REFERENCE|STAGE_ERA_MATCHED_REFERENCE,True
2024-04-21,0.12349815041927148,2820,2986,False,,FULL_QUALIFIED_REFERENCE|STAGE_ERA_MATCHED_REFERENCE,True
2024-04-28,0.13300998617536436,2968,2820,False,,FULL_QUALIFIED_REFERENCE|STAGE_ERA_MATCHED_REFERENCE,True
2024-05-05,0.2941412091433454,3261,2968,False,,FULL_QUALIFIED_REFERENCE|STAGE_ERA_MATCHED_REFERENCE,True
2024-05-12,0.2926477802305617,2967,3261,False,,FULL_QUALIFIED_REFERENCE|STAGE_ERA_MATCHED_REFERENCE,True
2024-05-19,0.09636945195541785,2943,2967,False,,FULL_QUALIFIED_REFERENCE|STAGE_ERA_MATCHED_REFERENCE,True
2024-05-26,0.07084280125061937,2879,2943,True,,,True
2024-06-02,0.11627189600088135,2972,2879,False,,FULL_QUALIFIED_REFERENCE|STAGE_ERA_MATCHED_REFERENCE|SAME_SEASON_STAGE_REFERENCE,True
2024-06-09,0.13832891246684348,2708,2972,False,,FULL_QUALIFIED_REFERENCE|STAGE_ERA_MATCHED_REFERENCE|SAME_SEASON_STAGE_REFERENCE,True
2024-06-16,0.11963632955291031,2796,2708,False,,FULL_QUALIFIED_REFERENCE|STAGE_ERA_MATCHED_REFERENCE|SAME_SEASON_STAGE_REFERENCE,True
2024-06-23,0.10545454545454541,2842,2796,False,,FULL_QUALIFIED_REFERENCE|STAGE_ERA_MATCHED_REFERENCE|SAME_SEASON_STAGE_REFERENCE,True
2024-06-30,0.07109623143617477,2890,2842,False,,FULL_QUALIFIED_REFERENCE|STAGE_ERA_MATCHED_REFERENCE|SAME_SEASON_STAGE_REFERENCE,True
2024-07-07,0.11469552345464754,2889,2890,False,,FULL_QUALIFIED_REFERENCE|STAGE_ERA_MATCHED_REFERENCE|SAME_SEASON_STAGE_REFERENCE,True
2024-07-14,0.15447315447315446,2698,2889,False,,FULL_QUALIFIED_REFERENCE|STAGE_ERA_MATCHED_REFERENCE|SAME_SEASON_STAGE_REFERENCE,True
2024-07-21,0.09506317672173395,2832,2698,False,,FULL_QUALIFIED_REFERENCE|STAGE_ERA_MATCHED_REFERENCE|SAME_SEASON_STAGE_REFERENCE,True
2024-07-28,0.094850352112676,2829,2832,False,,FULL_QUALIFIED_REFERENCE|STAGE_ERA_MATCHED_REFERENCE|SAME_SEASON_STAGE_REFERENCE,True
2024-08-04,0.07640722578481907,2714,2829,False,,FULL_QUALIFIED_REFERENCE|STAGE_ERA_MATCHED_REFERENCE|SAME_SEASON_STAGE_REFERENCE,True
2024-08-11,0.15143484779804034,2846,2714,False,,FULL_QUALIFIED_REFERENCE|STAGE_ERA_MATCHED_REFERENCE|SAME_SEASON_STAGE_REFERENCE,True
2024-08-18,0.1079203616762302,3028,2846,False,,FULL_QUALIFIED_REFERENCE|STAGE_ERA_MATCHED_REFERENCE|SAME_SEASON_STAGE_REFERENCE,True
2024-08-25,0.08799171842650111,2721,3028,False,,FULL_QUALIFIED_REFERENCE|STAGE_ERA_MATCHED_REFERENCE|SAME_SEASON_STAGE_REFERENCE,True
2024-09-01,0.14533563448087927,2882,2721,True,,,True
2024-09-08,0.11016424709092931,2886,2882,True,Hurricane Francine,,True
2024-09-15,0.16115702479338842,2749,2886,False,,FULL_QUALIFIED_REFERENCE|STAGE_ERA_MATCHED_REFERENCE|SAME_SEASON_STAGE_REFERENCE,True
2024-09-22,0.16434865900383142,2994,2749,False,,FULL_QUALIFIED_REFERENCE|STAGE_ERA_MATCHED_REFERENCE|SAME_SEASON_STAGE_REFERENCE,True
2024-09-29,0.14102075068660358,2836,2994,False,,FULL_QUALIFIED_REFERENCE|STAGE_ERA_MATCHED_REFERENCE|SAME_SEASON_STAGE_REFERENCE,True
2024-10-06,0.12396694214876036,2711,2836,False,,FULL_QUALIFIED_REFERENCE|STAGE_ERA_MATCHED_REFERENCE|SAME_SEASON_STAGE_REFERENCE,True
2024-10-13,0.14604529044962256,2934,2711,False,,FULL_QUALIFIED_REFERENCE|STAGE_ERA_MATCHED_REFERENCE|SAME_SEASON_STAGE_REFERENCE,True
2024-10-20,0.09736295416966978,2913,2934,False,,FULL_QUALIFIED_REFERENCE|STAGE_ERA_MATCHED_REFERENCE|SAME_SEASON_STAGE_REFERENCE,True
2024-10-27,0.12910009135253459,2958,2913,False,,FULL_QUALIFIED_REFERENCE|STAGE_ERA_MATCHED_REFERENCE|SAME_SEASON_STAGE_REFERENCE,True
2024-11-03,0.12922131917062313,2942,2958,False,,FULL_QUALIFIED_REFERENCE|STAGE_ERA_MATCHED_REFERENCE|SAME_SEASON_STAGE_REFERENCE,True
2024-11-10,0.09947685557441655,2700,2942,False,,FULL_QUALIFIED_REFERENCE|STAGE_ERA_MATCHED_REFERENCE|SAME_SEASON_STAGE_REFERENCE,True
2024-11-17,0.09744707347447068,2935,2700,False,,FULL_QUALIFIED_REFERENCE|STAGE_ERA_MATCHED_REFERENCE|SAME_SEASON_STAGE_REFERENCE,True
2024-11-24,0.14075796326435708,2753,2935,True,,,True
2024-12-01,0.17395635673624288,2670,2753,False,,FULL_QUALIFIED_REFERENCE|STAGE_ERA_MATCHED_REFERENCE,True
2024-12-08,0.09521116138763198,2832,2670,False,,FULL_QUALIFIED_REFERENCE|STAGE_ERA_MATCHED_REFERENCE,True
2024-12-15,0.1282954545454546,3001,2832,False,,FULL_QUALIFIED_REFERENCE|STAGE_ERA_MATCHED_REFERENCE,True
2024-12-22,0.1943624113600595,2355,3001,True,,,True
2024-12-29,,1634,1696,False,,FULL_QUALIFIED_REFERENCE|STAGE_ERA_MATCHED_REFERENCE,True
